sub,condition,condition_label,cluster,n_epochs,preonset_mean_uV,preonset_slope_uV_per_window
001,active,Scrolling,posterior_occipital,120,-3.5749772304611014,2.3451097968964745
001,active,Scrolling,central_motor,120,1.3650294404751548,1.3127076821344201
001,active,Scrolling,C3_left_motor,120,0.5207601980717796,1.20316703112874
001,active,Scrolling,Cz_vertex,120,1.9488671604608967,1.4610165322913846
001,passive,Watching,posterior_occipital,71,-2.019847329489368,2.7983907408764996
001,passive,Watching,central_motor,71,2.5555802182814324,-0.3905198042756364
001,passive,Watching,C3_left_motor,71,1.797830691172101,-1.2073375969821418
001,passive,Watching,Cz_vertex,71,2.786230888016875,-0.3420036367232502
002,active,Scrolling,posterior_occipital,156,-0.673581858108228,0.974075895333982
002,active,Scrolling,central_motor,156,4.453095538014499,-0.4522191138266254
002,active,Scrolling,C3_left_motor,156,1.194412239678299,-0.3301479695581745
002,active,Scrolling,Cz_vertex,156,5.340029727886848,-0.35742067576980435
002,passive,Watching,posterior_occipital,149,-1.7514635284120488,-0.1346898794309864
002,passive,Watching,central_motor,149,2.55798260209147,-1.1401908819312552
002,passive,Watching,C3_left_motor,149,2.010518959476903,-1.0134890883433088
002,passive,Watching,Cz_vertex,149,2.605283623277854,-1.2476283533847727
003,active,Scrolling,posterior_occipital,116,-25.2404510948979,1.835692412926886
003,active,Scrolling,central_motor,116,-51.02940626910468,-4.72402108757707
003,active,Scrolling,C3_left_motor,116,-30.971617210522034,-1.5613642489106898
003,active,Scrolling,Cz_vertex,116,-62.26495272734784,-5.245641467050607
003,passive,Watching,posterior_occipital,134,-22.623648840848176,1.3084125182796464
003,passive,Watching,central_motor,134,-26.841506349662453,-2.6614941377632464
003,passive,Watching,C3_left_motor,134,-21.065322830621067,-0.6679991589036025
003,passive,Watching,Cz_vertex,134,-30.259590221132783,-3.380333579450364
004,active,Scrolling,posterior_occipital,159,-2.328769852298692,-0.30061871178195915
004,active,Scrolling,central_motor,159,-1.3739669776738173,0.30687809466451843
004,active,Scrolling,C3_left_motor,159,-0.8226000331360208,0.3994118074870215
004,active,Scrolling,Cz_vertex,159,-1.3000088655813133,0.2793006183218418
004,passive,Watching,posterior_occipital,150,-1.314153942684747,-0.811001611533884
004,passive,Watching,central_motor,150,-0.12029340337390132,-0.715235582267366
004,passive,Watching,C3_left_motor,150,0.309278442526817,-0.7375875324347914
004,passive,Watching,Cz_vertex,150,-0.2744822422115646,-0.650898321523175
005,active,Scrolling,posterior_occipital,150,-2.984085019849798,0.40714640770639976
005,active,Scrolling,central_motor,150,3.0950908498797824,-1.0577962007577983
005,active,Scrolling,C3_left_motor,150,1.4910544155346008,-0.9110686329833904
005,active,Scrolling,Cz_vertex,150,3.6109675943862736,-1.3798059725683465
005,passive,Watching,posterior_occipital,148,-2.329493215519797,0.9547856554377863
005,passive,Watching,central_motor,148,3.929023076257977,-1.3906470105524207
005,passive,Watching,C3_left_motor,148,2.865930791596166,-0.8061036015482407
005,passive,Watching,Cz_vertex,148,4.904089086327162,-1.650397380056601
006,active,Scrolling,posterior_occipital,131,-0.6569034353600378,-0.34313970871298666
006,active,Scrolling,central_motor,131,0.668472413415067,1.2337167365924877
006,active,Scrolling,C3_left_motor,131,-0.12971310007703316,0.7593452790160594
006,active,Scrolling,Cz_vertex,131,1.2340819738840554,1.3131652062402643
006,passive,Watching,posterior_occipital,142,-0.19166952000903234,0.2113268422743563
006,passive,Watching,central_motor,142,1.6849355313406273,-0.32035389401180736
006,passive,Watching,C3_left_motor,142,1.4285233932788997,-0.07161679908464899
006,passive,Watching,Cz_vertex,142,2.0479936618288717,-0.3209247321489981
007,active,Scrolling,posterior_occipital,157,-1.6126484562418022,-0.16970709179558333
007,active,Scrolling,central_motor,157,1.6889132049424003,0.7499913941595864
007,active,Scrolling,C3_left_motor,157,1.1316987929311337,0.4912282736428398
007,active,Scrolling,Cz_vertex,157,1.908923647034804,1.3701297439102604
007,passive,Watching,posterior_occipital,154,-1.3617642578717806,-1.065172673095127
007,passive,Watching,central_motor,154,1.5168305621136597,-0.3971720148925285
007,passive,Watching,C3_left_motor,154,0.6855130882989965,0.04803996429554273
007,passive,Watching,Cz_vertex,154,1.6650764152015196,-0.3788388737430981
008,active,Scrolling,posterior_occipital,71,12.698792193958525,1.5818032845619976
008,active,Scrolling,central_motor,71,20.89848384046391,1.0376654787081177
008,active,Scrolling,C3_left_motor,71,20.882405499834334,1.6106966409104526
008,active,Scrolling,Cz_vertex,71,21.164655411953873,0.5839428914921035
008,passive,Watching,posterior_occipital,69,16.448040649907643,2.1931629357327362
008,passive,Watching,central_motor,69,22.848064949407306,3.681837884163045
008,passive,Watching,C3_left_motor,69,23.513096381921816,3.768752096119859
008,passive,Watching,Cz_vertex,69,23.745641112280907,3.803070589837997
009,active,Scrolling,posterior_occipital,158,-4.803203570773654,0.6484839678686183
009,active,Scrolling,central_motor,158,1.33853030984077,0.3001662404056049
009,active,Scrolling,C3_left_motor,158,0.3933357485054349,0.22628268906451693
009,active,Scrolling,Cz_vertex,158,1.7925063821671756,0.13018000335707863
009,passive,Watching,posterior_occipital,156,0.6758761273974878,-0.7191911495646529
009,passive,Watching,central_motor,156,9.48823083823069,-1.8942218624375435
009,passive,Watching,C3_left_motor,156,8.896628054437064,-1.3614283403953236
009,passive,Watching,Cz_vertex,156,10.11531505980573,-2.176143995481359
010,active,Scrolling,posterior_occipital,62,-2.029350687577516,-1.2559032641111112
010,active,Scrolling,central_motor,62,-0.6299290422053637,-2.297579720659671
010,active,Scrolling,C3_left_motor,62,2.801078396370682,-1.3999884234733972
010,active,Scrolling,Cz_vertex,62,-5.63319479790128,-2.7032092536134034
010,passive,Watching,posterior_occipital,103,-0.8638291175106046,-0.6482638619772049
010,passive,Watching,central_motor,103,-1.5347320384778917,-0.5132093174422744
010,passive,Watching,C3_left_motor,103,-0.8612848631611232,-1.071110385287648
010,passive,Watching,Cz_vertex,103,-1.985393393334876,-0.29991710285006806
011,active,Scrolling,posterior_occipital,155,-5.246348933602503,0.09548237470678828
011,active,Scrolling,central_motor,155,-0.023396506381906188,-0.1677758816441761
011,active,Scrolling,C3_left_motor,155,-0.5803065182333439,0.17425877044432403
011,active,Scrolling,Cz_vertex,155,-0.6125693217921165,-1.6148650664383404
011,passive,Watching,posterior_occipital,152,-4.726588087458759,1.2371553016755275
011,passive,Watching,central_motor,152,2.5273306729723544,1.7114651314697509
011,passive,Watching,C3_left_motor,152,1.4709757889219859,1.2335949375854462
011,passive,Watching,Cz_vertex,152,2.7117873333192013,1.6880402787253113
012,active,Scrolling,posterior_occipital,159,-2.9795047490283872,0.6533426987069204
012,active,Scrolling,central_motor,159,3.089398322485332,-1.4718752615447714
012,active,Scrolling,C3_left_motor,159,3.2009017005405807,-0.9571497175768577
012,active,Scrolling,Cz_vertex,159,3.044492517026461,-1.387341561670579
012,passive,Watching,posterior_occipital,150,-6.676889082787297,0.7726537062867825
012,passive,Watching,central_motor,150,-1.5076132825651833,-2.829309301893744
012,passive,Watching,C3_left_motor,150,-0.825316560485732,-2.1995196709259495
012,passive,Watching,Cz_vertex,150,-1.1122906918076763,-2.90204660146697
013,active,Scrolling,posterior_occipital,159,-2.7868182473891627,1.408088638419074
013,active,Scrolling,central_motor,159,6.124934991701564,0.4494357690262894
013,active,Scrolling,C3_left_motor,159,5.779378550753001,1.0976320374183353
013,active,Scrolling,Cz_vertex,159,5.681205809514846,0.4006186169188992
013,passive,Watching,posterior_occipital,151,-3.4037547685136023,-0.29341736542823055
013,passive,Watching,central_motor,151,5.825042032725887,-1.4240506646740043
013,passive,Watching,C3_left_motor,151,5.102068310672402,-0.9135559172992956
013,passive,Watching,Cz_vertex,151,5.895336135387533,-2.0060155375316615
014,active,Scrolling,posterior_occipital,139,0.4247981000736005,0.020476495875402317
014,active,Scrolling,central_motor,139,2.6531298357486772,-1.1073737366939411
014,active,Scrolling,C3_left_motor,139,1.677483901193109,-1.314253696812766
014,active,Scrolling,Cz_vertex,139,3.7580344480118733,-1.0577435761983662
014,passive,Watching,posterior_occipital,143,-0.3477524637677203,-0.2236517240599851
014,passive,Watching,central_motor,143,2.3813550616328563,-1.1499714512580694
014,passive,Watching,C3_left_motor,143,2.52491487821486,-1.5008973495543299
014,passive,Watching,Cz_vertex,143,2.5323563645561906,-1.0284015221086273
017,active,Scrolling,posterior_occipital,145,-12.231239401268414,-0.8097665448892446
017,active,Scrolling,central_motor,145,7.068751968994122,-1.7910042409083893
017,active,Scrolling,C3_left_motor,145,6.248473789857596,-1.1808977839949766
017,active,Scrolling,Cz_vertex,145,7.924528136640806,-2.131999579844507
017,passive,Watching,posterior_occipital,154,-11.09393034970804,-0.1965347732333987
017,passive,Watching,central_motor,154,4.155373622369223,0.8105470089583693
017,passive,Watching,C3_left_motor,154,3.956840725188449,-0.06683590072272147
017,passive,Watching,Cz_vertex,154,4.669334640367311,0.8252173882150624
018,active,Scrolling,posterior_occipital,130,-4.045955962746005,-1.2812569455891398
018,active,Scrolling,central_motor,130,1.9917116966524397,-0.1143360176371626
018,active,Scrolling,C3_left_motor,130,4.01757233098488,-0.3963805494784534
018,active,Scrolling,Cz_vertex,130,3.4117621920100176,-0.7093648969977013
018,passive,Watching,posterior_occipital,136,-1.174166526782856,-1.169213335063076
018,passive,Watching,central_motor,136,3.127163931944442,-0.16886848038640495
018,passive,Watching,C3_left_motor,136,2.952054738222261,0.18440505860898027
018,passive,Watching,Cz_vertex,136,3.703896038730337,-1.1886991941939709
019,active,Scrolling,posterior_occipital,152,0.6811901687115266,0.07679170384765177
019,active,Scrolling,central_motor,152,8.44814041683752,1.6035433624719777
019,active,Scrolling,C3_left_motor,152,7.4088443503733075,0.9338352523911665
019,active,Scrolling,Cz_vertex,152,10.082477336934945,2.2999302610557057
019,passive,Watching,posterior_occipital,153,0.7273037267148202,-0.7169317290165487
019,passive,Watching,central_motor,153,7.54982950786477,1.814512165001692
019,passive,Watching,C3_left_motor,153,7.49923124101128,1.0875601768422194
019,passive,Watching,Cz_vertex,153,7.68324420849235,2.3284843914419198
020,active,Scrolling,posterior_occipital,159,-9.29543524706925,0.397311552563214
020,active,Scrolling,central_motor,159,8.276192426188892,2.032647805470774
020,active,Scrolling,C3_left_motor,159,5.5797217908239265,1.8542479365573543
020,active,Scrolling,Cz_vertex,159,9.24274916940105,1.9785622108467746
020,passive,Watching,posterior_occipital,156,-6.893271048816145,-2.935707807672101
020,passive,Watching,central_motor,156,5.313178080032569,-2.0926556422148566
020,passive,Watching,C3_left_motor,156,4.002327748404838,-2.046134305396483
020,passive,Watching,Cz_vertex,156,5.794421608682598,-2.5216562139488077
021,active,Scrolling,posterior_occipital,136,-0.3917694898268337,-0.012345144947357094
021,active,Scrolling,central_motor,136,2.517299017660123,-0.9094232468907821
021,active,Scrolling,C3_left_motor,136,0.16308891468666967,-0.865452094337321
021,active,Scrolling,Cz_vertex,136,3.836770364057288,-1.2154555866646441
021,passive,Watching,posterior_occipital,144,0.39458323952779656,0.05978425227405254
021,passive,Watching,central_motor,144,2.9606890456305344,-2.0704753017315762
021,passive,Watching,C3_left_motor,144,3.0775787247280104,-1.3137345009854178
021,passive,Watching,Cz_vertex,144,2.6383239094097015,-2.437416697583354
022,active,Scrolling,posterior_occipital,155,-3.411772495350702,-0.9860997184473407
022,active,Scrolling,central_motor,155,5.481829744167615,-0.03708069909673458
022,active,Scrolling,C3_left_motor,155,4.13874967256663,0.4244048771284387
022,active,Scrolling,Cz_vertex,155,5.529372043039818,-0.1061685473077455
022,passive,Watching,posterior_occipital,156,-4.101053777769729,0.8680527967776808
022,passive,Watching,central_motor,156,3.4232455710397205,-0.7260310430335642
022,passive,Watching,C3_left_motor,156,2.949977396374239,-0.48050498016568516
022,passive,Watching,Cz_vertex,156,3.7204236275886826,-0.739748952775086
024,active,Scrolling,posterior_occipital,159,-1.7864894964300826,0.2002398161395875
024,active,Scrolling,central_motor,159,4.368438351644748,-1.2455568888966524
024,active,Scrolling,C3_left_motor,159,3.7621290368782887,-0.18944919942011634
024,active,Scrolling,Cz_vertex,159,4.213911919722108,-1.5046517922971736
024,passive,Watching,posterior_occipital,153,-0.40935495002595473,-0.9289911261723125
024,passive,Watching,central_motor,153,4.191156561043899,-0.9488080179434439
024,passive,Watching,C3_left_motor,153,3.1500558981447426,-0.907245060755903
024,passive,Watching,Cz_vertex,153,4.926100140123683,-1.0953790762807734
025,active,Scrolling,posterior_occipital,159,-5.769925642569064,1.1346550647408902
025,active,Scrolling,central_motor,159,0.02304650570954894,0.41531935250094576
025,active,Scrolling,C3_left_motor,159,0.7074265875022572,1.470867716236231
025,active,Scrolling,Cz_vertex,159,-0.11528523943466268,0.03306961398152451
025,passive,Watching,posterior_occipital,156,-5.070820693187671,-0.10888860273382979
025,passive,Watching,central_motor,156,-1.0951113079454358,-2.988556972878395
025,passive,Watching,C3_left_motor,156,-0.7527647235151425,-2.9878493939257362
025,passive,Watching,Cz_vertex,156,-1.4852284652738243,-3.079863558636228
026,active,Scrolling,posterior_occipital,132,-1.528428744675091,-0.3241495434165891
026,active,Scrolling,central_motor,132,2.675624303424505,-1.0414055693009086
026,active,Scrolling,C3_left_motor,132,1.7415823082701054,-1.2852536933065464
026,active,Scrolling,Cz_vertex,132,4.045319092933972,-1.2873946127516858
026,passive,Watching,posterior_occipital,141,-1.943741856559392,0.23354805981326174
026,passive,Watching,central_motor,141,2.3261707164670895,0.026758879949071758
026,passive,Watching,C3_left_motor,141,1.2537883788522406,-1.1788080917827917
026,passive,Watching,Cz_vertex,141,1.2534044196157397,0.241255126683958
