cluster,window,comparison,condition_a,condition_b,n_pairs,mean_a_uv,mean_b_uv,mean_diff_uv,t_stat,p_value,cohens_dz
occipital,lambda,active_vs_passive,active,passive,23,3.711292130434782,3.4365633043478256,0.2747288260869564,3.1877045134379447,0.004253466769833959,0.6646823388066055
occipital,lambda,active_vs_constant,active,constant,23,3.711292130434782,2.8382424782608697,0.873049652173913,5.621769110372139,1.1861046087626524e-05,1.172219892013409
occipital,lambda,passive_vs_constant,passive,constant,23,3.4365633043478256,2.8382424782608697,0.5983208260869567,4.159226998159688,0.00040896553733689385,0.8672587804516332
occipital,N1_frp,active_vs_passive,active,passive,23,-0.7285059130434782,-0.7431453913043479,0.014639478260869573,0.18555402330318455,0.8544946374770928,0.03869068844499632
occipital,N1_frp,active_vs_constant,active,constant,23,-0.7285059130434782,0.1760950869565218,-0.9046010000000002,-6.350726394154848,2.1665607806201257e-06,-1.3242179929139972
occipital,N1_frp,passive_vs_constant,passive,constant,23,-0.7431453913043479,0.1760950869565218,-0.9192404782608697,-8.221195676978455,3.742528229196922e-08,-1.7142377994337186
occipital,P2_frp,active_vs_passive,active,passive,23,-0.5522713043478261,-0.35020539130434786,-0.20206591304347823,-1.902963688392528,0.07021314370295449,-0.3967953584570578
occipital,P2_frp,active_vs_constant,active,constant,23,-0.5522713043478261,0.4128233913043478,-0.965094695652174,-6.511225364766233,1.502426817188772e-06,-1.3576843417277937
occipital,P2_frp,passive_vs_constant,passive,constant,23,-0.35020539130434786,0.4128233913043478,-0.7630287826086957,-6.276194981610748,2.5707405609650627e-06,-1.308677119098518
occipital,Late_frp,active_vs_passive,active,passive,23,-1.160723956521739,-1.1313208695652173,-0.02940308695652174,-0.22228239343024492,0.8261446481447682,-0.04634908302131169
occipital,Late_frp,active_vs_constant,active,constant,23,-1.160723956521739,-0.3229543913043479,-0.8377695652173912,-5.341119645392795,2.3158583802420405e-05,-1.1137004332678093
occipital,Late_frp,passive_vs_constant,passive,constant,23,-1.1313208695652173,-0.3229543913043479,-0.8083664782608697,-5.1949245725575555,3.29036615679271e-05,-1.083216653317538
posterior,lambda,active_vs_passive,active,passive,23,1.937757739130435,1.7534769999999997,0.1842807391304348,2.086699138747623,0.04871695652930323,0.4351068482293632
posterior,lambda,active_vs_constant,active,constant,23,1.937757739130435,1.4662729130434784,0.4714848260869565,3.550294628371185,0.001793773377566594,0.7402876041647977
posterior,lambda,passive_vs_constant,passive,constant,23,1.7534769999999997,1.4662729130434784,0.2872040869565218,2.7087940572244196,0.012822897040356895,0.5648226056434361
posterior,N1_frp,active_vs_passive,active,passive,23,0.20196691304347827,0.14213347826086953,0.0598334347826087,0.835929875111184,0.4121818060513123,0.17430342810161223
posterior,N1_frp,active_vs_constant,active,constant,23,0.20196691304347827,0.7259746086956522,-0.524007695652174,-3.891937856427611,0.0007846905961685141,-0.811525141679551
posterior,N1_frp,passive_vs_constant,passive,constant,23,0.14213347826086953,0.7259746086956522,-0.5838411304347826,-5.44272405363951,1.816158491822107e-05,-1.1348864169189894
posterior,P2_frp,active_vs_passive,active,passive,23,-0.44731030434782604,-0.31103373913043475,-0.13627656521739132,-1.286774317649403,0.21154870030140321,-0.26831099286835747
posterior,P2_frp,active_vs_constant,active,constant,23,-0.44731030434782604,0.3373006956521739,-0.7846110000000002,-4.455808445272573,0.00019814445192526807,-0.9291002871165758
posterior,P2_frp,passive_vs_constant,passive,constant,23,-0.31103373913043475,0.3373006956521739,-0.6483344347826087,-5.183540169667472,3.381833776274098e-05,-1.0808428412195226
posterior,Late_frp,active_vs_passive,active,passive,23,-0.830081695652174,-0.8665699999999998,0.03648830434782609,0.2776892055304269,0.7838438002909691,0.05790220198115157
posterior,Late_frp,active_vs_constant,active,constant,23,-0.830081695652174,-0.2280734782608696,-0.6020082173913043,-3.3911733816531777,0.0026260371413563007,-0.7071085306413611
posterior,Late_frp,passive_vs_constant,passive,constant,23,-0.8665699999999998,-0.2280734782608696,-0.6384965217391305,-4.410277759323564,0.0002214574578036869,-0.9196064828143014
parietal,lambda,active_vs_passive,active,passive,23,-0.5813585217391303,-0.5146228695652175,-0.06673565217391306,-0.8813124592320877,0.38767608129686154,-0.18376635103797834
parietal,lambda,active_vs_constant,active,constant,23,-0.5813585217391303,-0.4896173913043478,-0.09174113043478259,-0.8206487909464474,0.420649993391217,-0.1711171017908453
parietal,lambda,passive_vs_constant,passive,constant,23,-0.5146228695652175,-0.4896173913043478,-0.025005478260869546,-0.2619646897347984,0.795785840014059,-0.054623413783694875
parietal,N1_frp,active_vs_passive,active,passive,23,0.8139245217391304,0.749785608695652,0.06413891304347825,0.6159755629956625,0.5442317436417435,0.1284397835915173
parietal,N1_frp,active_vs_constant,active,constant,23,0.8139245217391304,0.7816021304347825,0.03232239130434782,0.2700533633032453,0.7896362721325845,0.05631001881331853
parietal,N1_frp,passive_vs_constant,passive,constant,23,0.749785608695652,0.7816021304347825,-0.031816521739130445,-0.3087553091790604,0.7604125105360352,-0.06437993238048274
parietal,P2_frp,active_vs_passive,active,passive,23,-0.27532921739130434,-0.21289434782608693,-0.06243486956521739,-0.6090475442080702,0.5487312297768103,-0.1269951918134461
parietal,P2_frp,active_vs_constant,active,constant,23,-0.27532921739130434,-0.03704678260869566,-0.2382824347826087,-1.6219311528245195,0.11906306772464333,-0.33819602397212045
parietal,P2_frp,passive_vs_constant,passive,constant,23,-0.21289434782608693,-0.03704678260869566,-0.17584756521739128,-1.4734216929931017,0.15480241628808106,-0.3072296609734397
parietal,Late_frp,active_vs_passive,active,passive,23,0.12474882608695652,0.08437730434782612,0.040371521739130445,0.3172274173213605,0.7540620270309901,0.06614648904560262
parietal,Late_frp,active_vs_constant,active,constant,23,0.12474882608695652,-0.07912882608695654,0.20387765217391304,1.2804177703982682,0.2137341154274286,0.266985561142861
parietal,Late_frp,passive_vs_constant,passive,constant,23,0.08437730434782612,-0.07912882608695654,0.16350613043478263,1.0917669893527298,0.28674809745521884,0.227649154071741
frontal,lambda,active_vs_passive,active,passive,23,-2.5332619565217396,-2.322898826086957,-0.21036313043478264,-2.197393911372611,0.03881602017931778,-0.45818830388244364
frontal,lambda,active_vs_constant,active,constant,23,-2.5332619565217396,-1.9498658260869561,-0.5833961304347828,-3.6419606551997306,0.001438295134916531,-0.7594012920378919
frontal,lambda,passive_vs_constant,passive,constant,23,-2.322898826086957,-1.9498658260869561,-0.37303300000000006,-2.7632277174009863,0.011342365907558629,-0.5761728084001347
frontal,N1_frp,active_vs_passive,active,passive,23,0.7218036521739132,0.5476474782608697,0.17415617391304347,1.382598629457126,0.1806631407694246,0.2882917430973672
frontal,N1_frp,active_vs_constant,active,constant,23,0.7218036521739132,0.0932981739130435,0.6285054782608696,4.373938201530466,0.0002420210492319827,0.9120291612139804
frontal,N1_frp,passive_vs_constant,passive,constant,23,0.5476474782608697,0.0932981739130435,0.45434930434782594,4.389532684022787,0.0002329721783261283,0.9152808355933901
frontal,P2_frp,active_vs_passive,active,passive,23,0.07911260869565219,-0.08353095652173914,0.16264356521739123,1.3854298072924627,0.17980803107034934,0.28888208448479386
frontal,P2_frp,active_vs_constant,active,constant,23,0.07911260869565219,-0.45497886956521744,0.5340914782608696,4.164102187186785,0.00040412520001836946,0.8682753276350358
frontal,P2_frp,passive_vs_constant,passive,constant,23,-0.08353095652173914,-0.45497886956521744,0.3714479130434783,3.0354326295357428,0.006073939838302981,0.632931456157371
frontal,Late_frp,active_vs_passive,active,passive,23,1.470806739130435,1.246099304347826,0.22470743478260866,1.5091829551250902,0.14548093495117076,0.3146863995928326
frontal,Late_frp,active_vs_constant,active,constant,23,1.470806739130435,0.33423513043478265,1.136571608695652,5.7699160381239905,8.356832584127136e-06,1.2031106618479421
frontal,Late_frp,passive_vs_constant,passive,constant,23,1.246099304347826,0.33423513043478265,0.9118641739130434,6.026523209272354,4.581231703946868e-06,1.2566169557827866
