subject,status,n_pair_rows,n_pair_rows_with_image_id,n_pair_rows_missing_image_id,pair_behavior_mismatches,n_fixation_rows_source,n_fixations_assigned_after_dedup,n_epochs_saved,n_epochs_selection_retained_checked,n_retained_with_image_id,n_retained_missing_image_id,n_selection_out_of_bounds,n_sample_mismatch,n_condition_mismatch,n_epochs_active,n_epochs_passive,n_epochs_constant
001,ok,324,324,0,,8551,7134,2362,2362,2362,0,0,0,0,901,599,862
002,ok,324,324,0,,5844,4455,2614,2614,2614,0,0,0,0,957,718,939
003,ok,324,324,0,,6921,5811,1977,1977,1977,0,0,0,0,406,576,995
004,ok,324,324,0,,9441,8305,8006,8006,8006,0,0,0,0,3345,2646,2015
005,ok,324,324,0,,5333,4143,3315,3315,3315,0,0,0,0,1014,1132,1169
006,ok,324,324,0,,3411,1740,1360,1360,1360,0,0,0,0,423,446,491
007,ok,324,324,0,,3859,2566,2444,2444,2444,0,0,0,0,879,671,894
008,ok,243,81,162,"active/session4: pairs=39, behavior_images=0; active/session7: pairs=39, behavior_images=0; constant/session5: pairs=3, behavior_images=0; constant/session9: pairs=3, behavior_images=0; passive/session6: pairs=39, behavior_images=0; passive/session8: pairs=39, behavior_images=0",2794,1650,1143,1143,237,906,0,0,0,342,383,418
009,ok,324,324,0,,5322,4309,2191,2191,2191,0,0,0,0,674,705,812
010,ok,324,324,0,,6473,5650,3336,3336,3336,0,0,0,0,1016,1152,1168
011,ok,324,324,0,,3319,2509,2119,2119,2119,0,0,0,0,586,618,915
012,ok,324,324,0,,4132,3085,2868,2868,2868,0,0,0,0,1017,780,1071
013,ok,324,324,0,,4352,3075,2042,2042,2042,0,0,0,0,574,638,830
014,ok,324,324,0,,3516,2701,1820,1820,1820,0,0,0,0,636,592,592
017,ok,324,324,0,,4431,3530,2150,2150,2150,0,0,0,0,681,749,720
018,ok,324,324,0,,12404,11081,7562,7562,7562,0,0,0,0,2558,2520,2484
019,ok,324,324,0,,3105,2246,1543,1543,1543,0,0,0,0,584,393,566
020,ok,324,324,0,,8398,7081,3873,3873,3873,0,0,0,0,1174,1160,1539
021,ok,324,324,0,,5462,3908,3143,3143,3143,0,0,0,0,1260,943,940
022,ok,324,324,0,,7492,6358,3501,3501,3501,0,0,0,0,1265,1199,1037
024,ok,324,324,0,,5690,4561,3897,3897,3897,0,0,0,0,1124,1217,1556
025,ok,324,324,0,,6790,5867,4440,4440,4440,0,0,0,0,1241,1539,1660
026,ok,324,324,0,,4728,3202,2333,2333,2333,0,0,0,0,901,761,671
