window,contrast,estimate_uv,se,df,ci_low,ci_high,t,p,n_epochs,n_subjects,n_images,mean_active_uv,mean_passive_uv,mean_constant_uv,n_active,n_passive,n_constant
lambda,active_minus_passive,0.22689910520022144,0.059641043124022984,Inf,0.11000480867673619,0.3437934017237067,3.8044120846174154,1.4214138292667505e-4,69133,23,374,2.3519107070662955,2.0798732949112573,1.8225269754437428,23305,21855,23973
lambda,constant_minus_passive,-0.37945435264161864,0.06423446830610492,Inf,-0.5053515970876639,-0.2535571081955734,-5.907332350496857,3.476918642646668e-9,69133,23,374,2.3519107070662955,2.0798732949112573,1.8225269754437428,23305,21855,23973
lambda,active_minus_constant,0.6063534578418401,0.06360692109199181,Inf,0.4816861833340551,0.7310207323496252,9.532822017354032,1.5306466722466949e-21,69133,23,374,2.3519107070662955,2.0798732949112573,1.8225269754437428,23305,21855,23973
N1_frp,active_minus_passive,0.056746861970489684,0.0606147088675827,Inf,-0.06205578434335303,0.1755495082843324,0.9361896317023873,0.34917556055861176,69133,23,374,-0.1627860571003025,-0.16184726112130535,0.4357212408287447,23305,21855,23973
N1_frp,constant_minus_passive,0.6296449729175487,0.0639047609763017,Inf,0.5043939429633567,0.7548960028717407,9.852864846033066,6.661751869424337e-23,69133,23,374,-0.1627860571003025,-0.16184726112130535,0.4357212408287447,23305,21855,23973
N1_frp,active_minus_constant,-0.572898110947059,0.06322969035835692,Inf,-0.696826026803058,-0.44897019509105995,-9.060587007466507,1.297503884592092e-19,69133,23,374,-0.1627860571003025,-0.16184726112130535,0.4357212408287447,23305,21855,23973
P2_frp,active_minus_passive,-0.1367467906601826,0.06624703611051291,Inf,-0.26658859551931235,-0.006904985801052893,-2.06419484838631,0.038999245769597596,69133,23,374,-0.44517062459647144,-0.3338449125451889,0.25046496474122903,23305,21855,23973
P2_frp,constant_minus_passive,0.6524265928381265,0.06839438202478264,Inf,0.5183760673246789,0.7864771183515742,9.539183972767242,1.4396059876861628e-21,69133,23,374,-0.44517062459647144,-0.3338449125451889,0.25046496474122903,23305,21855,23973
P2_frp,active_minus_constant,-0.7891733834983091,0.0676139640843388,Inf,-0.9216943179555979,-0.6566524490410204,-11.67175145231727,1.7772612628888005e-31,69133,23,374,-0.44517062459647144,-0.3338449125451889,0.25046496474122903,23305,21855,23973
Late_frp,active_minus_passive,0.024984080294098703,0.07685802149869518,Inf,-0.125654873766349,0.17562303435454643,0.32506796046685715,0.7451296370846032,69133,23,374,-0.9761896399482662,-1.025027664828893,-0.43952369561935756,23305,21855,23973
Late_frp,constant_minus_passive,0.6158864231967385,0.07970526259948162,Inf,0.4596669791234472,0.7721058672700298,7.727048417010598,1.1006879140079951e-14,69133,23,374,-0.9761896399482662,-1.025027664828893,-0.43952369561935756,23305,21855,23973
Late_frp,active_minus_constant,-0.5909023429026398,0.0788125749526248,Inf,-0.7453721513386479,-0.43643253446663166,-7.497564230807564,6.501461919041615e-14,69133,23,374,-0.9761896399482662,-1.025027664828893,-0.43952369561935756,23305,21855,23973
