subject,final_active,final_passive,final_constant,raw_active,raw_passive,raw_constant
001,120,71,6,159,156,12
002,156,149,12,159,156,12
003,116,134,9,159,156,12
004,159,150,12,159,156,12
005,150,148,12,159,156,12
006,131,142,8,159,156,12
007,157,154,11,159,156,12
008,71,69,6,120,117,9
009,158,156,11,159,156,12
010,62,103,8,159,156,12
011,155,152,12,159,156,12
012,159,150,11,159,156,12
013,159,151,12,159,156,12
014,139,143,9,159,156,12
017,145,154,11,159,156,12
018,130,136,9,159,156,12
019,152,153,12,159,156,12
020,159,156,12,159,156,12
021,136,144,7,159,156,12
022,155,156,12,156,156,12
024,159,153,12,159,156,12
025,159,156,12,159,156,12
026,132,141,8,159,156,12
