subject,final_active,final_passive,final_constant,assigned_active,assigned_passive,assigned_constant
001,901,599,862,2328,2205,2601
002,957,718,939,1711,1206,1538
003,406,576,995,1875,1753,2183
004,3345,2646,2015,3360,2802,2143
005,1014,1132,1169,1381,1326,1436
006,423,446,491,546,517,677
007,879,671,894,917,716,933
008,342,383,418,515,529,606
009,674,705,812,1483,1326,1500
010,1016,1152,1168,2088,1713,1849
011,586,618,915,716,741,1052
012,1017,780,1071,1065,846,1174
013,574,638,830,984,931,1160
014,636,592,592,992,867,842
017,681,749,720,1273,1133,1124
018,2558,2520,2484,3944,3738,3399
019,584,393,566,942,572,732
020,1174,1160,1539,2439,2268,2374
021,1260,943,940,1598,1113,1197
022,1265,1199,1037,2359,2149,1850
024,1124,1217,1556,1509,1374,1678
025,1241,1539,1660,2024,1929,1914
026,901,761,671,1234,935,1033
