sub,rep,n,status,pic_dur_max_abs_diff,fix_dur_max_abs_diff,gap_sum_active,gap_sum_passive,block_dur_active,block_dur_passive,block_dur_constant,n_shared_images_active_passive,constant_image_in_active_or_passive,same_order
001,1,9,ok,0.0,0.0,7.706200000000001,7.706200000000001,89.72639999999956,90.02200760000005,89.85532609999973,0,0,False
001,1,12,ok,0.0,0.0,10.3866,10.3866,114.77802040000006,114.95588599999974,114.88889259999996,0,0,False
001,1,18,ok,0.0,0.0,15.629900000000001,15.629900000000001,124.00167980000016,124.2452987000006,124.12954480000008,0,0,False
001,2,9,ok,0.0,0.0,7.7501999999999995,7.7501999999999995,43.94726499999979,44.10825779999959,44.057179800000085,0,0,False
001,2,12,ok,0.0,0.0,10.0014,10.0014,63.3264365999994,63.57010570000057,63.45412109999961,0,0,False
001,2,18,ok,0.0,0.0,15.268500000000001,15.268500000000001,125.33646489999956,125.51366039999994,125.46401349999996,0,0,False
001,3,9,ok,0.0,0.0,7.705399999999999,7.705399999999999,38.30774550000024,38.43634320000001,38.43661419999989,0,0,False
001,3,12,ok,0.0,0.0,10.3188,10.3188,70.71626379999998,71.00934469999993,70.84225349999997,0,0,False
001,3,18,ok,0.0,0.0,15.662799999999999,15.662799999999999,86.64409350000005,86.68665909999982,86.72101459999976,0,0,False
001,4,9,ok,0.0,0.0,7.3899,7.3899,30.47166490000017,30.48048999999992,30.598050700000385,0,0,False
001,4,12,ok,0.0,0.0,10.1528,10.1528,39.27623140000105,39.50383829999919,39.35465420000037,0,0,False
001,4,18,ok,0.0,0.0,15.5335,15.5335,68.57997409999962,68.3910063000003,68.70854150000014,0,0,False
002,1,9,ok,0.0,0.0,8.3748,8.3748,48.69960699999956,48.65934730000026,48.809727900000325,0,0,False
002,1,12,ok,0.0,0.0,10.2853,10.2853,89.27726369999982,89.57263609999973,89.42287729999953,0,0,False
002,1,18,ok,0.0,0.0,15.1966,15.1966,133.4757351999997,133.93585110000004,133.5716891000002,0,0,False
002,2,9,ok,0.0,0.0,7.4746,7.4746,49.3000978,49.41045059999942,49.44426359999943,0,0,False
002,2,12,ok,0.0,0.0,11.052500000000002,11.052500000000002,84.20779450000009,84.4193535000004,84.33540589999939,0,0,False
002,2,18,ok,0.0,0.0,15.114700000000001,15.114700000000001,124.9360216999994,125.04743209999924,125.06378089999998,0,0,False
002,3,9,ok,0.0,0.0,7.9359,7.9359,40.92689810000047,41.12195599999996,41.02255839999998,0,0,False
002,3,12,ok,0.0,0.0,10.5717,10.5717,60.57434530000046,60.61897839999983,60.6850527000006,0,0,False
002,3,18,ok,0.0,0.0,15.5947,15.5947,90.84433490000085,91.27309130000047,90.95601549999992,0,0,False
002,4,9,ok,0.0,0.0,7.672000000000001,7.672000000000001,46.93137430000024,47.02589309999894,47.0431222999996,0,0,False
002,4,12,ok,0.0,0.0,9.8532,9.8532,61.97545720000016,62.120053100001314,62.1033720000014,0,0,False
002,4,18,ok,0.0,0.0,15.666200000000002,15.666200000000002,88.1780523999987,88.23770390000027,88.32204979999915,0,0,False
003,1,9,ok,0.0,0.0,7.6242,7.6242,29.11987890000092,29.5301627000008,29.26411109999753,0,0,False
003,1,12,ok,0.0,0.0,10.7537,10.7537,59.04103820000091,59.283961799999815,59.16725009999936,0,0,False
003,1,18,ok,0.0,0.0,16.029700000000002,16.029700000000002,90.02780950000306,90.10486119999769,90.13971650000168,0,0,False
003,2,9,ok,0.0,0.0,7.8583,7.8583,36.925628799999686,37.18637460000173,37.05239520000032,0,0,False
003,2,12,ok,0.0,0.0,10.4387,10.4387,63.22685769999953,63.23709130000134,63.33780160000242,0,0,False
003,2,18,ok,0.0,0.0,16.1156,16.1156,88.17665910000142,88.38837250000142,88.32163280000168,0,0,False
003,3,9,ok,0.0,0.0,7.7063999999999995,7.7063999999999995,47.76538849999997,48.07703269999911,47.8936861000002,0,0,False
003,3,12,ok,0.0,0.0,10.6867,10.6867,58.27341160000287,58.71623699999691,58.33924979999938,0,0,False
003,3,18,ok,0.0,0.0,15.3466,15.3466,106.13987899999849,106.4670272000003,106.25004559999796,0,0,False
003,4,9,ok,0.0,0.0,7.7549,7.7549,32.438005500000145,32.78175040000133,32.566209500000696,0,0,False
003,4,12,ok,0.0,0.0,10.6846,10.6846,55.02053309999974,55.23171640000146,55.13184379999802,0,0,False
003,4,18,ok,0.0,0.0,15.297200000000002,15.297200000000002,79.63822470000014,79.99817229999826,79.76519870000266,0,0,False
004,1,9,ok,0.0,0.0,7.621700000000001,7.621700000000001,84.0407323999998,84.11905089999982,84.16851059999954,0,0,False
004,1,12,ok,0.0,0.0,10.504900000000001,10.504900000000001,126.78817589999926,126.9979857999997,126.91511879999962,0,0,False
004,1,18,ok,0.0,0.0,15.9334,15.9334,193.99970490000032,194.54431710000063,194.1121721999998,0,0,False
004,2,9,ok,0.0,0.0,7.9427,7.9427,75.41919129999951,75.54666220000036,75.56222230000003,0,0,False
004,2,12,ok,0.0,0.0,10.539,10.539,104.57150450000064,104.99968850000003,104.68196129999978,0,0,False
004,2,18,ok,0.0,0.0,15.664800000000001,15.664800000000001,182.4592775000001,182.5690746,182.58660320000035,0,0,False
004,3,9,ok,0.0,0.0,7.4592,7.4592,85.70989670000017,85.86921099999927,85.8187797999999,0,0,False
004,3,12,ok,0.0,0.0,10.404900000000001,10.404900000000001,110.25872400000117,110.75398909999969,110.38665000000036,0,0,False
004,3,18,ok,0.0,0.0,15.852599999999999,15.852599999999999,169.93481389999943,170.3285281999997,170.04541149999932,0,0,False
004,4,9,ok,0.0,0.0,8.073,8.073,76.35186339999927,76.22904000000017,76.46264979999978,0,0,False
004,4,12,ok,0.0,0.0,10.8052,10.8052,86.24292220000098,86.52038489999904,86.33711390000099,0,0,False
004,4,18,ok,0.0,0.0,15.0849,15.0849,121.69889839999996,122.16145379999944,121.82770179999898,0,0,False
005,1,9,ok,0.0,0.0,7.7374,7.7374,23.681442799999783,23.708855299999414,23.77710819999993,0,0,False
005,1,12,ok,0.0,0.0,10.4356,10.4356,32.487914600002114,32.616398400001344,32.600128699999914,0,0,False
005,1,18,ok,0.0,0.0,15.581599999999998,15.581599999999998,53.05351620000147,53.31257320000077,53.1819136999984,0,0,False
005,2,9,ok,0.0,0.0,8.0058,8.0058,55.53762260000076,55.74823479999759,55.631700300000375,0,0,False
005,2,12,ok,0.0,0.0,9.618399999999998,9.618399999999998,56.33941490000143,56.68305529999998,56.43215860000055,0,0,False
005,2,18,ok,0.0,0.0,16.1126,16.1126,121.28217849999784,121.62766340000236,121.39400359999854,0,0,False
005,3,9,ok,0.0,0.0,7.656999999999999,7.656999999999999,41.944760399997904,42.20539310000095,42.039563199999975,0,0,False
005,3,12,ok,0.0,0.0,10.069799999999999,10.069799999999999,50.58441210000092,50.74494520000008,50.69467120000263,0,0,False
005,3,18,ok,0.0,0.0,15.6634,15.6634,88.41015569999945,88.78718300000037,88.50481040000159,0,0,False
005,4,9,ok,0.0,0.0,7.6249,7.6249,45.08172860000195,45.25804599999901,45.19148389999828,0,0,False
005,4,12,ok,0.0,0.0,10.353100000000001,10.353100000000001,50.800983400000405,50.94523779999872,50.89616380000007,0,0,False
005,4,18,ok,0.0,0.0,15.413599999999999,15.413599999999999,101.35419600000024,101.46415720000005,101.4462655999996,0,0,False
006,1,9,ok,0.0,0.0,7.8081000000000005,7.8081000000000005,22.032673000001523,22.12577220000093,22.125905400000192,0,0,False
006,1,12,ok,0.0,0.0,10.0537,10.0537,23.566199799999595,23.943520500000886,23.67603069999677,0,0,False
006,1,18,ok,0.0,0.0,15.199200000000001,15.199200000000001,38.4270617000002,38.67061389999799,38.553438999999344,0,0,False
006,2,9,ok,0.0,0.0,7.9224,7.9224,29.61872349999976,29.62983819999863,29.72977329999776,0,0,False
006,2,12,ok,0.0,0.0,10.403599999999999,10.403599999999999,27.2025993999996,27.26201649999712,27.312963700002,0,0,False
006,2,18,ok,0.0,0.0,15.797799999999999,15.797799999999999,51.53527210000175,51.81339260000095,51.62839200000235,0,0,False
006,3,9,ok,0.0,0.0,7.506,7.506,24.61757800000123,24.74351089999982,24.72691919999852,0,0,False
006,3,12,ok,0.0,0.0,10.5872,10.5872,32.088604500000656,32.21474780000062,32.149441900000966,0,0,False
006,3,18,ok,0.0,0.0,15.3293,15.3293,51.38603290000174,51.66311280000082,51.479079799999454,0,0,False
006,4,9,ok,0.0,0.0,7.5161999999999995,7.5161999999999995,22.64288619999934,22.87478420000116,22.743050099998072,0,0,False
006,4,12,ok,0.0,0.0,10.588599999999998,10.588599999999998,30.73702090000006,31.047867700006464,30.81520920000185,0,0,False
006,4,18,ok,0.0,0.0,15.0024,15.0024,54.70008269999744,55.09864410000591,54.78060640000331,0,0,False
007,1,9,ok,0.0,0.0,7.7908,7.7908,22.514839499999653,22.7261565000008,22.62649019999936,0,0,False
007,1,12,ok,0.0,0.0,10.190199999999999,10.190199999999999,31.53764670000055,32.04890199999954,31.648625799999536,0,0,False
007,1,18,ok,0.0,0.0,15.634,15.634,45.48163039999963,45.74310740000056,45.574349399999846,0,0,False
007,2,9,ok,0.0,0.0,7.4940999999999995,7.4940999999999995,20.14605989999928,19.941214800000125,20.25773300000037,0,0,False
007,2,12,ok,0.0,0.0,10.5561,10.5561,63.60971960000006,63.81998579999981,63.72151869999925,0,0,False
007,2,18,ok,0.0,0.0,15.636400000000002,15.636400000000002,54.03801029999977,54.514075400000365,54.16491210000004,0,0,False
007,3,9,ok,0.0,0.0,7.8599,7.8599,22.2487884000002,22.309224700000414,22.374716000000262,0,0,False
007,3,12,ok,0.0,0.0,10.204,10.204,35.44074889999956,35.50083150000046,35.585437900000215,0,0,False
007,3,18,ok,0.0,0.0,15.314400000000001,15.314400000000001,51.60142360000009,51.96352930000012,51.73005310000008,0,0,False
007,4,9,ok,0.0,0.0,7.5725999999999996,7.5725999999999996,33.40532190000067,33.617152600000736,33.51602360000015,0,0,False
007,4,12,ok,0.0,0.0,10.387699999999999,10.387699999999999,29.93708919999972,30.197263100000782,30.063644700000623,0,0,False
007,4,18,ok,0.0,0.0,15.4308,15.4308,47.84803220000049,48.10946680000052,47.94353430000047,0,0,False
008,1,9,ok,0.0,0.0,7.9248,7.9248,22.13216069999908,22.25974770000176,22.24219600000288,0,0,False
008,1,12,ok,0.0,0.0,9.718499999999999,9.718499999999999,33.156233699999575,33.29995659999986,33.26709530000153,0,0,False
008,1,18,ok,0.0,0.0,15.5777,15.5777,51.36914460000117,51.97785379999914,51.4618761999991,0,0,False
009,1,9,ok,0.0,0.0,7.4767,7.4767,19.647538500001247,19.707317099997454,19.739671299998008,0,0,False
009,1,12,ok,0.0,0.0,10.216000000000001,10.216000000000001,25.88394909999988,26.12870860000112,25.99512470000264,0,0,False
009,1,18,ok,0.0,0.0,15.6855,15.6855,43.96340550000241,44.0576667000023,44.07358210000166,0,0,False
009,2,9,ok,0.0,0.0,7.6928,7.6928,38.70900120000079,38.86969079999835,38.82016289999956,0,0,False
009,2,12,ok,0.0,0.0,10.1877,10.1877,44.165524000000005,44.35714369999914,44.27449869999691,0,0,False
009,2,18,ok,0.0,0.0,15.9991,15.9991,75.95372680000219,76.31392050000068,76.06346459999986,0,0,False
009,3,9,ok,0.0,0.0,7.3604,7.3604,46.33226049999939,46.42543360000127,46.42529540000032,0,0,False
009,3,12,ok,0.0,0.0,10.3037,10.3037,67.63069470000119,67.90560099999857,67.74012439999933,0,0,False
009,3,18,ok,0.0,0.0,15.2444,15.2444,103.03798480000114,103.29910050000036,103.13117430000057,0,0,False
009,4,9,ok,0.0,0.0,8.189,8.189,45.84823030000189,45.95796200000041,45.942217300002085,0,0,False
009,4,12,ok,0.0,0.0,10.0714,10.0714,67.54590770000141,67.6071480999999,67.63925469999958,0,0,False
009,4,18,ok,0.0,0.0,15.754000000000001,15.754000000000001,99.55154839999886,99.94490609999777,99.64640749999673,0,0,False
010,1,9,ok,0.0,0.0,8.3052,8.3052,33.05546349999986,33.316472700000304,33.18236070000057,0,0,False
010,1,12,ok,0.0,0.0,10.535499999999999,10.535499999999999,33.756728000000294,34.167287000000215,33.866788799999995,0,0,False
010,1,18,ok,0.0,0.0,15.7955,15.7955,60.824498300000414,60.70220689999951,60.96955720000005,0,0,False
010,2,9,ok,0.0,0.0,7.9541,7.9541,94.7814913000002,94.72647430000052,94.89274300000034,0,0,False
010,2,12,ok,0.0,0.0,10.3024,10.3024,115.93074559999968,116.2072546999998,116.02429980000034,0,0,False
010,2,18,ok,0.0,0.0,15.593899999999998,15.593899999999998,164.74853820000044,164.9739069999996,164.9070412000001,0,0,False
010,3,9,ok,0.0,0.0,8.4062,8.4062,54.120597900000575,54.26330210000015,54.23099410000032,0,0,False
010,3,12,ok,0.0,0.0,10.5032,10.5032,50.0180548999997,50.144654899999296,50.14441029999944,0,0,False
010,3,18,ok,0.0,0.0,15.3278,15.3278,136.21140350000042,136.50445750000017,136.3041347999997,0,0,False
010,4,9,ok,0.0,0.0,7.922499999999999,7.922499999999999,59.57463920000009,59.68421539999872,59.68420800000058,0,0,False
010,4,12,ok,0.0,0.0,10.335799999999999,10.335799999999999,70.18188599999894,70.40763049999987,70.30829400000039,0,0,False
010,4,18,ok,0.0,0.0,15.425899999999999,15.425899999999999,123.53489170000012,123.62886790000084,123.64551550000031,0,0,False
011,1,9,ok,0.0,0.0,7.573300000000001,7.573300000000001,28.56978000000163,28.56383149999965,28.647634400000243,0,0,False
011,1,12,ok,0.0,0.0,10.0726,10.0726,39.57690039999943,39.6875887999995,39.68658030000006,0,0,False
011,1,18,ok,0.0,0.0,15.8125,15.8125,54.95461819999764,55.180478300000686,55.04806749999989,0,0,False
011,2,9,ok,0.0,0.0,7.522400000000001,7.522400000000001,28.23544100000072,28.379034599998704,28.362411599999177,0,0,False
011,2,12,ok,0.0,0.0,10.440399999999999,10.440399999999999,38.05977390000044,38.28603870000006,38.15293500000189,0,0,False
011,2,18,ok,0.0,0.0,15.577800000000002,15.577800000000002,58.28982050000195,58.71706619999895,58.40096419999827,0,0,False
011,3,9,ok,0.0,0.0,7.5093,7.5093,29.48633930000142,29.697359500001767,29.58082279999872,0,0,False
011,3,12,ok,0.0,0.0,10.321100000000001,10.321100000000001,40.34472259999893,40.68832530000145,40.455922299999656,0,0,False
011,3,18,ok,0.0,0.0,15.082099999999999,15.082099999999999,57.973078999999416,58.266756400000304,58.08236889999898,0,0,False
011,4,9,ok,0.0,0.0,7.8257,7.8257,28.97003600000244,29.12995249999949,29.06355939999776,0,0,False
011,4,12,ok,0.0,0.0,10.9719,10.9719,34.756660300001386,34.984454800000094,34.85164140000052,0,0,False
011,4,18,ok,0.0,0.0,15.3304,15.3304,57.80703999999969,58.16638619999867,57.91680619999897,0,0,False
012,1,9,ok,0.0,0.0,7.9408,7.9408,34.97336290000021,35.11775669999952,35.06608159999996,0,0,False
012,1,12,ok,0.0,0.0,10.5711,10.5711,46.165964700000586,46.59243820000029,46.2765602999998,0,0,False
012,1,18,ok,0.0,0.0,14.9164,14.9164,63.31026850000035,63.63659269999971,63.420068999999785,0,0,False
012,2,9,ok,0.0,0.0,7.258,7.258,36.42435639999985,36.40237699999943,36.53540080000039,0,0,False
012,2,12,ok,0.0,0.0,9.9878,9.9878,47.966532800000095,48.2446774,48.07608379999965,0,0,False
012,2,18,ok,0.0,0.0,15.3606,15.3606,63.82616849999977,64.13835489999929,63.95414410000012,0,0,False
012,3,9,ok,0.0,0.0,8.1393,8.1393,32.32240219999949,32.48303339999984,32.41559910000069,0,0,False
012,3,12,ok,0.0,0.0,10.702499999999999,10.702499999999999,39.8441499999999,40.03796140000031,39.95390470000075,0,0,False
012,3,18,ok,0.0,0.0,15.834,15.834,50.568347399999766,50.9617801000004,50.67892589999974,0,0,False
012,4,9,ok,0.0,0.0,7.6743,7.6743,29.15415359999952,29.297233100000085,29.281168999999863,0,0,False
012,4,12,ok,0.0,0.0,10.8035,10.8035,39.70952959999977,40.0883974999997,39.82041279999976,0,0,False
012,4,18,ok,0.0,0.0,15.6337,15.6337,52.93630140000005,53.2976920000001,52.99758889999976,0,0,False
013,1,9,ok,0.0,0.0,7.7591,7.7591,29.68720509999912,29.863111700000445,29.79741500000091,0,0,False
013,1,12,ok,0.0,0.0,11.0699,11.0699,44.7799892999974,44.841156399998,44.8911780999988,0,0,False
013,1,18,ok,0.0,0.0,15.3188,15.3188,56.48832000000039,56.88302959999783,56.5986069999999,0,0,False
013,2,9,ok,0.0,0.0,7.943900000000001,7.943900000000001,27.70244359999924,27.796511600001395,27.81286490000275,0,0,False
013,2,12,ok,0.0,0.0,10.638000000000002,10.638000000000002,29.43593850000252,29.58112429999892,29.530877400000463,0,0,False
013,2,18,ok,0.0,0.0,15.6682,15.6682,51.60194119999869,52.028491199998825,51.7129892999983,0,0,False
013,3,9,ok,0.0,0.0,7.960299999999999,7.960299999999999,28.803301699997974,28.957667200000287,28.896908800001256,0,0,False
013,3,12,ok,0.0,0.0,10.1213,10.1213,43.26252300000124,43.45526600000085,43.35715709999931,0,0,False
013,3,18,ok,0.0,0.0,15.531899999999998,15.531899999999998,57.17278989999977,57.48302340000009,57.26624799999991,0,0,False
013,4,9,ok,0.0,0.0,8.0924,8.0924,27.46679510000104,27.496429499999067,27.528433100000257,0,0,False
013,4,12,ok,0.0,0.0,10.139400000000002,10.139400000000002,28.93684779999967,29.16419479999968,29.04724520000309,0,0,False
013,4,18,ok,0.0,0.0,15.2189,15.2189,49.9845994999996,50.19659679999677,50.07783539999946,0,0,False
014,1,9,ok,0.0,0.0,7.6395,7.6395,42.92896219999966,43.056775500000185,43.040685900000426,0,0,False
014,1,12,ok,0.0,0.0,10.5211,10.5211,38.557340500000464,38.73792119999962,38.6549843999992,0,0,False
014,1,18,ok,0.0,0.0,15.381,15.381,61.44251660000009,61.75370459999976,61.57027489999928,0,0,False
014,2,9,ok,0.0,0.0,7.9054,7.9054,29.90272400000049,30.14723099999992,29.99714370000038,0,0,False
014,2,12,ok,0.0,0.0,9.901499999999999,9.901499999999999,48.91783019999912,49.17756199999985,49.02815960000044,0,0,False
014,2,18,ok,0.0,0.0,15.3656,15.3656,48.6838458000002,48.99393990000044,48.794640699999945,0,0,False
014,3,9,ok,0.0,0.0,7.3899,7.3899,26.51758979999977,26.645924999999806,26.57849570000053,0,0,False
014,3,12,ok,0.0,0.0,10.570599999999999,10.570599999999999,37.39223700000002,37.66991539999981,37.519653299999845,0,0,False
014,3,18,ok,0.0,0.0,15.998199999999999,15.998199999999999,51.86779920000026,52.22987679999915,51.979208599999765,0,0,False
014,4,9,ok,0.0,0.0,7.590400000000001,7.590400000000001,36.62548610000158,36.76879519999966,36.736750300000494,0,0,False
014,4,12,ok,0.0,0.0,10.2723,10.2723,39.76093390000096,40.0044743999988,39.87198579999858,0,0,False
014,4,18,ok,0.0,0.0,15.4621,15.4621,61.108594999999696,61.35310930000014,61.21998309999981,0,0,False
017,1,9,ok,0.0,0.0,7.5585,7.5585,46.83096699999805,46.94300019999719,46.926203999999416,0,0,False
017,1,12,ok,0.0,0.0,10.1894,10.1894,75.13453350000054,75.34610200000316,75.22803399999975,0,0,False
017,1,18,ok,0.0,0.0,15.6993,15.6993,90.64596979999988,90.78941459999989,90.73951459999807,0,0,False
017,2,9,ok,0.0,0.0,7.9415,7.9415,33.372010999999475,33.48361079999813,33.45035490000009,0,0,False
017,2,12,ok,0.0,0.0,10.4373,10.4373,43.04530700000032,43.34020480000254,43.13921259999916,0,0,False
017,2,18,ok,0.0,0.0,14.9767,14.9767,74.13388759999725,74.24555669999972,74.24454949999927,0,0,False
017,3,9,ok,0.0,0.0,7.4543,7.4543,27.13382940000156,27.41297489999852,27.2457966999973,0,0,False
017,3,12,ok,0.0,0.0,10.4703,10.4703,25.95211320000089,26.24386230000164,26.06251859999975,0,0,False
017,3,18,ok,0.0,0.0,15.0522,15.0522,49.80111930000203,50.14463369999794,49.89432859999943,0,0,False
017,4,9,ok,0.0,0.0,7.8396,7.8396,38.79323269999804,38.9549623999992,38.88736760000029,0,0,False
017,4,12,ok,0.0,0.0,10.505899999999999,10.505899999999999,31.388264499997604,31.56566870000097,31.49800839999807,0,0,False
017,4,18,ok,0.0,0.0,15.993199999999998,15.993199999999998,55.270184599998174,55.59854759999871,55.39833960000033,0,0,False
018,1,9,ok,0.0,0.0,7.824599999999999,7.824599999999999,86.97672880000027,87.05306650000057,87.10277140000017,0,0,False
018,1,12,ok,0.0,0.0,10.5547,10.5547,151.6556754000003,151.8978690999993,151.78271899999982,0,0,False
018,1,18,ok,0.0,0.0,15.496,15.496,334.6633630999995,334.9753827000004,334.7738581000003,0,0,False
018,2,9,ok,0.0,0.0,7.3228,7.3228,88.71225570000024,88.78843779999988,88.82189990000006,0,0,False
018,2,12,ok,0.0,0.0,10.553899999999999,10.553899999999999,158.19276790000004,158.17020500000035,158.3037174000001,0,0,False
018,2,18,ok,0.0,0.0,15.2801,15.2801,234.59573529999943,234.8221737999993,234.69014179999976,0,0,False
018,3,9,ok,0.0,0.0,7.9414,7.9414,43.66263190000063,43.87715360000038,43.77331029999914,0,0,False
018,3,12,ok,0.0,0.0,9.9873,9.9873,44.07878580000033,44.19079810000039,44.17497269999876,0,0,False
018,3,18,ok,0.0,0.0,15.4468,15.4468,97.6847783000012,97.9443370000008,97.74474499999997,0,0,False
018,4,9,ok,0.0,0.0,7.3416,7.3416,45.06493479999881,45.19035720000102,45.14234670000042,0,0,False
018,4,12,ok,0.0,0.0,10.039200000000001,10.039200000000001,59.85688519999894,60.102104400000826,59.96782680000069,0,0,False
018,4,18,ok,0.0,0.0,15.363800000000001,15.363800000000001,109.12458270000025,109.45214230000056,109.21953930000018,0,0,False
019,1,9,ok,0.0,0.0,7.9887999999999995,7.9887999999999995,35.00711019999926,35.31889500000034,35.117315500000586,0,0,False
019,1,12,ok,0.0,0.0,11.089799999999999,11.089799999999999,46.18194809999932,46.27488509999967,46.29268260000026,0,0,False
019,1,18,ok,0.0,0.0,15.928,15.928,77.90208219999931,78.21378240000013,77.98088350000035,0,0,False
019,2,9,ok,0.0,0.0,7.7857,7.7857,38.96069869999974,39.01952809999966,39.0713338000005,0,0,False
019,2,12,ok,0.0,0.0,9.9025,9.9025,36.24117260000003,36.5346356,36.35252510000009,0,0,False
019,2,18,ok,0.0,0.0,15.517000000000001,15.517000000000001,49.35047439999926,49.89501019999989,49.461221300000034,0,0,False
019,3,9,ok,0.0,0.0,7.8272,7.8272,27.786118899999565,27.86210690000007,27.896689600000173,0,0,False
019,3,12,ok,0.0,0.0,10.5511,10.5511,42.028713400000015,42.23982330000035,42.15567910000027,0,0,False
019,3,18,ok,0.0,0.0,15.3654,15.3654,51.56931499999973,51.82858980000037,51.66163460000007,0,0,False
019,4,9,ok,0.0,0.0,7.6396999999999995,7.6396999999999995,28.068740400000024,28.27888940000048,28.16278229999989,0,0,False
019,4,12,ok,0.0,0.0,9.7858,9.7858,28.63499409999985,28.963776999999936,28.729948299999705,0,0,False
019,4,18,ok,0.0,0.0,14.8658,14.8658,47.683411400000296,48.21026269999948,47.726985700000114,0,0,False
020,1,9,ok,0.0,0.0,7.9243999999999994,7.9243999999999994,27.201729600000363,27.38403120000021,27.31230099999993,0,0,False
020,1,12,ok,0.0,0.0,10.4875,10.4875,28.70407269999941,28.79725820000021,28.81423309999991,0,0,False
020,1,18,ok,0.0,0.0,15.864700000000001,15.864700000000001,44.630162200000086,45.007679199999984,44.724401399999806,0,0,False
020,2,9,ok,0.0,0.0,7.4718,7.4718,48.36735610000051,48.54328989999976,48.46088370000052,0,0,False
020,2,12,ok,0.0,0.0,10.637099999999998,10.637099999999998,72.88322789999984,73.02803739999945,72.96006939999916,0,0,False
020,2,18,ok,0.0,0.0,15.764999999999999,15.764999999999999,101.51978729999972,101.59716620000016,101.63161010000022,0,0,False
020,3,9,ok,0.0,0.0,7.4563,7.4563,53.13594420000027,53.230357399999775,53.213130699999965,0,0,False
020,3,12,ok,0.0,0.0,10.7362,10.7362,69.66342729999997,69.9080442000004,69.77402560000064,0,0,False
020,3,18,ok,0.0,0.0,15.014800000000001,15.014800000000001,149.85268030000043,150.1810674999997,149.94689879999987,0,0,False
020,4,9,ok,0.0,0.0,8.3733,8.3733,55.486892400000215,55.68224359999931,55.5988238000009,0,0,False
020,4,12,ok,0.0,0.0,10.206499999999998,10.206499999999998,83.42442630000005,83.76677849999942,83.50114650000069,0,0,False
020,4,18,ok,0.0,0.0,15.544600000000003,15.544600000000003,139.7292093999995,140.00677770000038,139.8078091999996,0,0,False
021,1,9,ok,0.0,0.0,7.7888,7.7888,19.94699540000147,20.091421099998115,20.00771720000193,0,0,False
021,1,12,ok,0.0,0.0,10.001999999999999,10.001999999999999,28.33567119999861,28.56331009999849,28.44717939999828,0,0,False
021,1,18,ok,0.0,0.0,15.3114,15.3114,37.55826159999924,37.853315200001816,37.66950279999946,0,0,False
021,2,9,ok,0.0,0.0,8.0067,8.0067,40.71137340000132,40.97074049999719,40.82213749999937,0,0,False
021,2,12,ok,0.0,0.0,9.9019,9.9019,45.03066129999934,45.24101729999893,45.12480009999854,0,0,False
021,2,18,ok,0.0,0.0,15.562999999999999,15.562999999999999,70.0150726000029,70.32551500000045,70.10827869999775,0,0,False
021,3,9,ok,0.0,0.0,8.405100000000001,8.405100000000001,50.951777800000855,51.2286838,51.04478989999916,0,0,False
021,3,12,ok,0.0,0.0,10.903100000000002,10.903100000000002,75.90124150000338,76.21300669999982,75.9964312000011,0,0,False
021,3,18,ok,0.0,0.0,15.5776,15.5776,111.32615029999944,111.75313480000112,111.4369192999984,0,0,False
021,4,9,ok,0.0,0.0,7.4217,7.4217,50.53334360000008,50.678302799999074,50.62907379999888,0,0,False
021,4,12,ok,0.0,0.0,10.2529,10.2529,67.61373850000018,67.77448770000046,67.7240313000002,0,0,False
021,4,18,ok,0.0,0.0,15.929,15.929,119.1482722999972,119.35893350000332,119.25958230000106,0,0,False
022,1,9,ok,0.0,0.0,8.1748,8.1748,44.1794431000003,44.6411435,44.30796419999979,0,0,False
022,1,12,ok,0.0,0.0,10.0886,10.0886,91.99650919999976,92.37432919999992,92.1245689999996,0,0,False
022,1,18,ok,0.0,0.0,15.913,15.913,99.1182692000002,99.39466260000016,99.24600210000015,0,0,False
022,2,9,ok,0.0,0.0,7.4897,7.4897,56.73836619999929,56.79782390000037,56.88317559999996,0,0,False
022,2,12,ok,0.0,0.0,10.104899999999999,10.104899999999999,93.66312040000048,93.74143149999963,93.79210820000026,0,0,False
022,2,18,ok,0.0,0.0,15.497199999999998,15.497199999999998,162.6947995999999,162.67280240000036,162.78892619999988,0,0,False
022,3,9,ok,0.0,0.0,7.5248,7.5248,48.18329320000066,48.177388600000086,48.29387640000096,0,0,False
022,3,12,ok,0.0,0.0,10.520200000000003,10.520200000000003,58.15685450000001,58.31744669999989,58.26766470000075,0,0,False
022,3,18,ok,0.0,0.0,15.4345,15.4345,106.78975639999952,106.78444779999973,106.93413509999982,0,0,False
022,4,9,ok,0.0,0.0,7.4402,7.4402,50.05053720000069,50.19473719999951,50.161551000001054,0,0,False
022,4,12,ok,0.0,0.0,10.254999999999999,10.254999999999999,50.166759899999306,50.328026999999565,50.29533710000032,0,0,False
022,4,18,ok,0.0,0.0,15.8023,15.8023,77.10219859999961,77.31301319999875,77.19672229999924,0,0,False
024,1,9,ok,0.0,0.0,8.077,8.077,24.09944429999996,24.19447559999935,24.16037160000087,0,0,False
024,1,12,ok,0.0,0.0,10.1411,10.1411,33.48862299999928,33.66583249999985,33.60141119999935,0,0,False
024,1,18,ok,0.0,0.0,15.6313,15.6313,63.12476499999957,63.40320849999989,63.23686319999979,0,0,False
024,2,9,ok,0.0,0.0,7.9253,7.9253,32.63743460000023,32.85037139999986,32.766865399999915,0,0,False
024,2,12,ok,0.0,0.0,9.7228,9.7228,39.64329220000036,39.838144100000136,39.737767800000256,0,0,False
024,2,18,ok,0.0,0.0,15.481399999999999,15.481399999999999,60.57450680000056,60.83593070000006,60.668996599999446,0,0,False
024,3,9,ok,0.0,0.0,8.0097,8.0097,38.093070900000384,38.3536897999993,38.1864642999999,0,0,False
024,3,12,ok,0.0,0.0,10.7553,10.7553,58.206314800000655,58.534447799999725,58.30112660000032,0,0,False
024,3,18,ok,0.0,0.0,15.3644,15.3644,103.7539211000003,104.1657611999999,103.86565080000037,0,0,False
024,4,9,ok,0.0,0.0,7.793800000000001,7.793800000000001,33.67279310000049,33.81643450000047,33.76688449999983,0,0,False
024,4,12,ok,0.0,0.0,10.4526,10.4526,52.88544769999953,52.98038869999982,53.01328570000078,0,0,False
024,4,18,ok,0.0,0.0,15.2162,15.2162,87.3604734999999,87.52067850000003,87.46984750000047,0,0,False
025,1,9,ok,0.0,0.0,7.7905999999999995,7.7905999999999995,30.72073009999985,30.83090150000044,30.81410199999937,0,0,False
025,1,12,ok,0.0,0.0,10.3364,10.3364,50.11720800000012,50.34422350000023,50.22912110000016,0,0,False
025,1,18,ok,0.0,0.0,15.449300000000001,15.449300000000001,70.51539669999966,70.99269079999976,70.6243973999999,0,0,False
025,2,9,ok,0.0,0.0,7.972,7.972,42.846226699999534,42.888868099999854,42.95640240000012,0,0,False
025,2,12,ok,0.0,0.0,10.317199999999998,10.317199999999998,61.1084034000005,61.35300780000034,61.21896230000039,0,0,False
025,2,18,ok,0.0,0.0,15.5965,15.5965,87.02569889999995,87.02011430000039,87.12073819999932,0,0,False
025,3,9,ok,0.0,0.0,8.209,8.209,42.31202380000013,42.590281499999946,42.43955579999965,0,0,False
025,3,12,ok,0.0,0.0,10.236799999999999,10.236799999999999,69.71298639999986,69.89103739999973,69.80833620000067,0,0,False
025,3,18,ok,0.0,0.0,16.0623,16.0623,101.56876910000028,101.86359249999988,101.64717759999984,0,0,False
025,4,9,ok,0.0,0.0,7.8573,7.8573,55.03837190000013,55.28134099999943,55.14805369999976,0,0,False
025,4,12,ok,0.0,0.0,10.7518,10.7518,80.80623379999997,81.00004739999986,80.89920769999935,0,0,False
025,4,18,ok,0.0,0.0,15.1268,15.1268,108.84173800000008,109.1851456000004,108.9527264999997,0,0,False
026,1,9,ok,0.0,0.0,7.7089,7.7089,35.090700699999616,35.35110430000032,35.202182600000015,0,0,False
026,1,12,ok,0.0,0.0,10.470200000000002,10.470200000000002,37.49218299999984,37.71923849999985,37.62039649999952,0,0,False
026,1,18,ok,0.0,0.0,15.6988,15.6988,64.24342410000008,64.25424159999966,64.33764299999984,0,0,False
026,2,9,ok,0.0,0.0,7.8248,7.8248,29.47139059999972,29.631262899999456,29.580367999999908,0,0,False
026,2,12,ok,0.0,0.0,10.169300000000002,10.169300000000002,39.94398449999972,40.28769439999997,40.03746339999998,0,0,False
026,2,18,ok,0.0,0.0,16.0456,16.0456,77.40268569999989,77.78019529999983,77.46374670000023,0,0,False
026,3,9,ok,0.0,0.0,7.5575,7.5575,22.965835400000287,23.092630900000582,23.07569450000028,0,0,False
026,3,12,ok,0.0,0.0,10.1374,10.1374,43.12935579999976,43.27307110000038,43.22308049999992,0,0,False
026,3,18,ok,0.0,0.0,15.5577,15.5577,45.38184069999989,45.64124279999942,45.492255599999226,0,0,False
026,4,9,ok,0.0,0.0,7.4227,7.4227,29.419780100000025,29.48127050000039,29.5316326000002,0,0,False
026,4,12,ok,0.0,0.0,10.087399999999999,10.087399999999999,32.23764459999984,32.432769399999415,32.316702399999485,0,0,False
026,4,18,ok,0.0,0.0,15.5672,15.5672,53.08629110000038,53.331331299999874,53.17973019999954,0,0,False
