sub,est_ratio_active,n_blocks_active,est_ratio_passive,n_blocks_passive,est_ratio_constant,n_blocks_constant,recog_acc_active,recog_rt_active,recog_acc_passive,recog_rt_passive
001,0.3280916912384765,12,0.33005798234370093,12,0.37503083791573105,12,0.8333333333333334,2.167764919999945,0.6666666666666666,2.16709521249976
002,0.30887079497862246,12,0.3648009233858082,12,1.142589736081844,12,0.9166666666666666,2.02511746363631,0.75,1.4294562666666226
003,0.8164986665055669,12,0.8811730853816124,12,0.9734719113882822,12,0.8333333333333334,2.3894688000000315,0.75,3.6798570555555568
004,0.5955486127577394,12,0.642306694577892,12,0.9207139893665676,12,1.0,2.6458808916667444,1.0,2.0495237250000478
005,0.6511990159491948,12,0.6967122130793356,12,0.7124555428718864,12,0.9166666666666666,1.8372742272718328,1.0,1.974258866666484
006,0.4116430837243978,12,0.39183854699953297,12,0.542434474366941,12,0.9166666666666666,3.8624323909091554,0.6666666666666666,1.127859237499706
007,0.6847921213405387,12,0.8609298472534701,12,0.970822211649757,12,0.9166666666666666,2.459875736363756,0.9166666666666666,1.8589283363636986
008,0.4081598139931848,3,0.3967191831604316,3,0.5595686525175511,3,0.6666666666666666,1.7632104999993317,0.6666666666666666,1.2822324999997363
009,0.6392781941650073,12,0.6915612758785618,12,0.7117684335290954,12,0.9166666666666666,2.2902806727281795,1.0,2.3539761999997304
010,0.5017936117696746,12,0.5666626430583245,12,0.5730067251837175,12,1.0,1.5719752000000728,0.9166666666666666,1.4558623999999492
011,0.1876084808669316,12,0.1610036935114115,12,0.1950607598467429,12,0.9166666666666666,2.2344189181808773,0.9166666666666666,2.1009124545449924
012,0.43921125515214127,12,0.4144131311842696,12,0.4549354556833214,12,0.8333333333333334,2.4038046499998926,0.8333333333333334,1.8345625300000392
013,0.49930090507628283,12,0.5290228229979521,12,0.7156410083543184,12,1.0,2.8009194666662247,0.9166666666666666,2.10025561818177
014,0.5523405439992746,12,0.5797094215539814,12,0.8676291956623592,12,1.0,2.199439191666594,0.75,2.159615466666663
015,0.7551802937166884,12,0.6354626423758599,12,0.7579891002299276,12,1.0,2.3101940999989288,1.0,2.8557363666668607
016,0.6867646658333334,12,0.9768458533333333,12,1.0324060488543012,12,1.0,1.9064740749998919,0.9166666666666666,1.858913518181742
017,1.014498956228871,12,0.9347812615365414,12,1.0736004164337707,12,1.0,2.9985680249992583,1.0,2.206314941666278
018,0.5598087840601295,12,0.4923615648434813,12,0.6495093915247757,12,0.8333333333333334,1.5755270899998322,0.9166666666666666,1.4809433545454918
019,0.4368876341666667,12,0.6000600266666667,12,0.6542908225,12,0.75,2.1274899222220887,0.8333333333333334,2.3160780500000326
020,0.33214267588446506,12,0.331495742103341,12,0.3842404770970791,12,1.0,2.7878528583334323,0.9166666666666666,2.014593609090794
021,0.36174083713309996,12,0.4218475547030447,12,0.522271241328759,12,0.9166666666666666,2.434730781818044,0.9166666666666666,1.6938696454546351
