thisRow.t,notes,phase,rep,session_type,session_order,block_order_in_session,n_pictures,actual_duration,estimated_duration,estimation_error,estimation_ratio,estimation_start_pos,per_picture_durations,per_fixation_durations,image_files,recognition_image,recognition_is_old,recognition_response,recognition_correct,recognition_rt,constant_image,participant,_source_row,_n_fields,_n_header,sub,source_csv,estimated_duration_s,actual_duration_s,failed_subject
,,time_estimation,1,active,1,1,9,138.7624227999986,101.0,-37.7624227999986,0.7278627596865584,0,"""[7.227, 11.5464, 11.698, 13.8659, 14.6489, 17.6512, 15.1831, 17.6851, 20.4367]""","""[0.8099, 1.0109, 0.7941, 0.9265, 0.81, 0.9438, 0.9606, 0.8433, 0.86]""","""[""nature_034.jpg"", ""social_013.jpg"", ""human_065.jpg"", ""nature_050.jpg"", ""human_070.jpg"", ""social_028.jpg"", ""social_103.jpg"", ""nature_021.jpg"", ""human_105.jpg""]""",human_105.jpg,True,old,True,5.993419099999301,,15,2,24,23,015,/dss/studies/attentional-thief/data/sub-015/beh/attention_thief_ET_sub-015_2026-04-01_14h47.59.776.csv,101.0,138.7624227999986,False
,,time_estimation,1,active,1,2,18,303.25954179999826,120.0,-183.25954179999823,0.3957006572249615,0,"""[19.7033, 19.3027, 18.7015, 13.1487, 16.8182, 13.2992, 14.4995, 17.101, 12.5979, 18.4019, 15.2503, 13.3152, 34.3287, 9.8788, 13.8995, 13.5823, 13.9487, 8.4456]""","""[0.8595, 0.8433, 0.8435, 0.761, 0.96, 0.893, 0.943, 0.9935, 0.7937, 0.8273, 0.8937, 0.7592, 0.8769, 0.8942, 0.8776, 0.7428, 0.8266, 0.7435]""","""[""social_041.jpg"", ""human_016.jpg"", ""nature_082.jpg"", ""human_017.jpg"", ""nature_076.jpg"", ""human_107.jpg"", ""human_066.jpg"", ""social_101.jpg"", ""social_106.jpg"", ""nature_056.jpg"", ""social_011.jpg"", ""social_060.jpg"", ""social_096.jpg"", ""nature_069.jpg"", ""human_119.jpg"", ""human_020.jpg"", ""nature_004.jpg"", ""nature_085.jpg""]""",human_067.jpg,False,new,True,1.8701813999978183,,15,3,24,23,015,/dss/studies/attentional-thief/data/sub-015/beh/attention_thief_ET_sub-015_2026-04-01_14h47.59.776.csv,120.0,303.25954179999826,False
,,time_estimation,1,active,1,3,12,119.4828223000004,109.0,-10.482822300000407,0.912265026066426,0,"""[8.7124, 9.8625, 7.5783, 10.2804, 7.7616, 5.3932, 7.7946, 7.0106, 11.5629, 6.61, 13.72, 12.0977]""","""[0.8099, 0.8431, 0.7105, 0.843, 0.9598, 0.9102, 0.7268, 0.8604, 0.9104, 0.8778, 0.7938, 0.8053]""","""[""human_114.jpg"", ""nature_113.jpg"", ""human_025.jpg"", ""human_058.jpg"", ""social_105.jpg"", ""nature_065.jpg"", ""nature_062.jpg"", ""human_033.jpg"", ""social_100.jpg"", ""nature_024.jpg"", ""social_030.jpg"", ""social_051.jpg""]""",nature_024.jpg,True,old,True,3.970633799999632,,15,4,24,23,015,/dss/studies/attentional-thief/data/sub-015/beh/attention_thief_ET_sub-015_2026-04-01_14h47.59.776.csv,109.0,119.4828223000004,False
,,time_estimation,1,passive,2,1,18,303.5037450000018,104.5,-199.0037450000018,0.3443120611246473,0,"""[16.8182, 8.4456, 18.7015, 17.101, 13.2992, 13.5823, 13.8995, 19.3027, 13.9487, 34.3287, 9.8788, 12.5979, 14.4995, 19.7033, 15.2503, 13.1487, 18.4019, 13.3152]""","""[0.96, 0.7435, 0.8435, 0.9935, 0.893, 0.7428, 0.8776, 0.8433, 0.8266, 0.8769, 0.8942, 0.7937, 0.943, 0.8595, 0.8937, 0.761, 0.8273, 0.7592]""","""[""nature_002.jpg"", ""human_083.jpg"", ""nature_087.jpg"", ""nature_086.jpg"", ""human_108.jpg"", ""social_048.jpg"", ""social_055.jpg"", ""social_063.jpg"", ""nature_064.jpg"", ""social_087.jpg"", ""nature_043.jpg"", ""human_092.jpg"", ""human_032.jpg"", ""nature_031.jpg"", ""human_003.jpg"", ""social_058.jpg"", ""human_115.jpg"", ""social_004.jpg""]""",human_029.jpg,False,new,True,4.056267200001457,,15,5,24,23,015,/dss/studies/attentional-thief/data/sub-015/beh/attention_thief_ET_sub-015_2026-04-01_14h47.59.776.csv,104.5,303.5037450000018,False
,,time_estimation,1,passive,2,2,12,119.69229180000184,80.0,-39.69229180000184,0.6683805514700553,0,"""[11.5629, 6.61, 5.3932, 13.72, 7.0106, 8.7124, 12.0977, 10.2804, 7.7616, 9.8625, 7.7946, 7.5783]""","""[0.9104, 0.8778, 0.9102, 0.7938, 0.8604, 0.8099, 0.8053, 0.843, 0.9598, 0.8431, 0.7268, 0.7105]""","""[""nature_048.jpg"", ""nature_020.jpg"", ""nature_091.jpg"", ""human_007.jpg"", ""social_082.jpg"", ""human_006.jpg"", ""nature_012.jpg"", ""social_046.jpg"", ""social_036.jpg"", ""social_054.jpg"", ""human_087.jpg"", ""human_085.jpg""]""",social_054.jpg,True,old,True,5.4199183999990055,,15,6,24,23,015,/dss/studies/attentional-thief/data/sub-015/beh/attention_thief_ET_sub-015_2026-04-01_14h47.59.776.csv,80.0,119.69229180000184,False
,,time_estimation,1,passive,2,3,9,138.85720560000118,110.0,-28.85720560000118,0.7921807120105193,0,"""[17.6851, 11.698, 11.5464, 7.227, 15.1831, 17.6512, 13.8659, 20.4367, 14.6489]""","""[0.8433, 0.7941, 1.0109, 0.8099, 0.9606, 0.9438, 0.9265, 0.86, 0.81]""","""[""nature_083.jpg"", ""social_070.jpg"", ""human_111.jpg"", ""nature_074.jpg"", ""nature_084.jpg"", ""human_073.jpg"", ""social_089.jpg"", ""social_052.jpg"", ""human_052.jpg""]""",nature_074.jpg,True,old,True,5.608988100000715,,15,7,24,23,015,/dss/studies/attentional-thief/data/sub-015/beh/attention_thief_ET_sub-015_2026-04-01_14h47.59.776.csv,110.0,138.85720560000118,False
,,time_estimation,1,constant,3,1,18,303.35235340000145,120.0,-183.35235340000145,0.3955795913729655,0,,,"[""social_024.jpg""]",social_108.jpg,False,new,True,3.6816940999997314,social_024.jpg,15,8,24,23,015,/dss/studies/attentional-thief/data/sub-015/beh/attention_thief_ET_sub-015_2026-04-01_14h47.59.776.csv,120.0,303.35235340000145,False
,,time_estimation,1,constant,3,2,9,138.88989090000177,81.0,-57.889890900001774,0.5831957925456112,0,,,"[""nature_072.jpg""]",social_038.jpg,False,new,True,1.6652102999978524,nature_072.jpg,15,9,24,23,015,/dss/studies/attentional-thief/data/sub-015/beh/attention_thief_ET_sub-015_2026-04-01_14h47.59.776.csv,81.0,138.88989090000177,False
,,time_estimation,1,constant,3,3,12,119.60982239999794,92.5,-27.10982239999793,0.7733478584280683,0,,,"[""human_075.jpg""]",social_111.jpg,False,new,True,1.5420188999996751,human_075.jpg,15,10,24,23,015,/dss/studies/attentional-thief/data/sub-015/beh/attention_thief_ET_sub-015_2026-04-01_14h47.59.776.csv,92.5,119.60982239999794,False
,,time_estimation,2,active,4,1,12,114.87807750000138,103.0,-11.878077500001382,0.8966027482484529,0,"""[6.5268, 9.4627, 7.5605, 10.5632, 6.8101, 9.5628, 9.8298, 8.2948, 7.7285, 8.5457, 7.0942, 11.7138]""","""[0.7258, 0.8604, 0.7267, 0.9277, 0.7935, 0.9276, 0.7935, 0.8934, 0.8605, 0.8097, 0.8265, 0.8936]""","""[""nature_015.jpg"", ""human_078.jpg"", ""social_001.jpg"", ""nature_038.jpg"", ""human_028.jpg"", ""social_045.jpg"", ""nature_022.jpg"", ""human_099.jpg"", ""social_110.jpg"", ""human_010.jpg"", ""nature_119.jpg"", ""social_069.jpg""]""",social_069.jpg,True,old,True,1.5153950999992958,,15,11,24,23,015,/dss/studies/attentional-thief/data/sub-015/beh/attention_thief_ET_sub-015_2026-04-01_14h47.59.776.csv,103.0,114.87807750000138,False
,,time_estimation,2,active,4,2,9,58.53898320000008,69.0,10.461016799999925,1.1787017168415714,0,"""[4.7764, 5.6772, 5.0597, 3.6245, 6.9935, 5.7599, 6.8444, 5.343, 5.9768]""","""[0.7419, 0.7095, 0.9597, 0.7097, 0.961, 0.8942, 0.9937, 0.8267, 0.8601]""","""[""social_081.jpg"", ""social_056.jpg"", ""human_031.jpg"", ""human_048.jpg"", ""social_037.jpg"", ""nature_014.jpg"", ""human_008.jpg"", ""nature_114.jpg"", ""nature_118.jpg""]""",social_021.jpg,False,new,True,2.4315607999997155,,15,12,24,23,015,/dss/studies/attentional-thief/data/sub-015/beh/attention_thief_ET_sub-015_2026-04-01_14h47.59.776.csv,69.0,58.53898320000008,False
,,time_estimation,2,active,4,3,18,122.40143609999724,81.0,-41.40143609999723,0.6617569415919773,0,"""[5.176, 6.3433, 7.6945, 7.5616, 2.9579, 5.6268, 7.9115, 5.1764, 4.5424, 4.8092, 5.5263, 4.2252, 6.9281, 6.1934, 6.3443, 5.5773, 7.4109, 4.9758]""","""[0.8769, 0.9104, 0.8773, 0.71, 0.8927, 0.9605, 0.7597, 0.9936, 0.9432, 0.8934, 0.8437, 0.8939, 0.9437, 0.7926, 0.8601, 0.7596, 0.9095, 0.9603]""","""[""human_014.jpg"", ""human_041.jpg"", ""social_019.jpg"", ""nature_046.jpg"", ""human_012.jpg"", ""nature_079.jpg"", ""social_032.jpg"", ""human_097.jpg"", ""nature_095.jpg"", ""social_064.jpg"", ""nature_028.jpg"", ""social_016.jpg"", ""nature_035.jpg"", ""human_046.jpg"", ""nature_008.jpg"", ""social_099.jpg"", ""human_009.jpg"", ""social_090.jpg""]""",nature_028.jpg,True,old,True,1.1634204999973008,,15,13,24,23,015,/dss/studies/attentional-thief/data/sub-015/beh/attention_thief_ET_sub-015_2026-04-01_14h47.59.776.csv,81.0,122.40143609999724,False
,,time_estimation,2,constant,5,1,18,122.5117453999992,61.0,-61.5117453999992,0.4979114435178098,0,,,"[""human_103.jpg""]",nature_003.jpg,False,new,True,1.0741753000002063,human_103.jpg,15,14,24,23,015,/dss/studies/attentional-thief/data/sub-015/beh/attention_thief_ET_sub-015_2026-04-01_14h47.59.776.csv,61.0,122.5117453999992,False
,,time_estimation,2,constant,5,2,9,58.6670578000012,49.0,-9.667057800001205,0.8352217042661887,0,,,"[""nature_088.jpg""]",nature_049.jpg,False,new,True,1.690183300001081,nature_088.jpg,15,15,24,23,015,/dss/studies/attentional-thief/data/sub-015/beh/attention_thief_ET_sub-015_2026-04-01_14h47.59.776.csv,49.0,58.6670578000012,False
,,time_estimation,2,constant,5,3,12,114.97293519999948,104.0,-10.972935199999483,0.904560710910688,0,,,"[""social_061.jpg""]",social_061.jpg,True,old,True,1.4165540999965742,social_061.jpg,15,16,24,23,015,/dss/studies/attentional-thief/data/sub-015/beh/attention_thief_ET_sub-015_2026-04-01_14h47.59.776.csv,104.0,114.97293519999948,False
,,time_estimation,2,passive,6,1,18,122.62732640000104,95.0,-27.62732640000104,0.7747049763616081,0,"""[5.176, 2.9579, 7.6945, 5.1764, 4.9758, 7.5616, 6.9281, 6.1934, 4.2252, 6.3433, 5.5773, 4.5424, 6.3443, 7.9115, 4.8092, 5.5263, 5.6268, 7.4109]""","""[0.8769, 0.8927, 0.8773, 0.9936, 0.9603, 0.71, 0.9437, 0.7926, 0.8939, 0.9104, 0.7596, 0.9432, 0.8601, 0.7597, 0.8934, 0.8437, 0.9605, 0.9095]""","""[""human_026.jpg"", ""nature_070.jpg"", ""nature_112.jpg"", ""social_104.jpg"", ""nature_120.jpg"", ""social_095.jpg"", ""social_033.jpg"", ""nature_017.jpg"", ""human_091.jpg"", ""human_001.jpg"", ""human_093.jpg"", ""human_064.jpg"", ""social_003.jpg"", ""social_007.jpg"", ""nature_068.jpg"", ""human_049.jpg"", ""social_005.jpg"", ""nature_075.jpg""]""",human_091.jpg,True,old,True,0.921439300000202,,15,17,24,23,015,/dss/studies/attentional-thief/data/sub-015/beh/attention_thief_ET_sub-015_2026-04-01_14h47.59.776.csv,95.0,122.62732640000104,False
,,time_estimation,2,passive,6,2,12,115.12193090000072,75.0,-40.121930900000734,0.6514831658369927,0,"""[7.7285, 11.7138, 7.5605, 6.5268, 8.5457, 10.5632, 6.8101, 9.4627, 7.0942, 9.5628, 9.8298, 8.2948]""","""[0.8605, 0.8936, 0.7267, 0.7258, 0.8097, 0.9277, 0.7935, 0.8604, 0.8265, 0.9276, 0.7935, 0.8934]""","""[""nature_116.jpg"", ""human_079.jpg"", ""social_094.jpg"", ""nature_023.jpg"", ""social_071.jpg"", ""social_023.jpg"", ""human_023.jpg"", ""nature_100.jpg"", ""nature_051.jpg"", ""human_005.jpg"", ""social_109.jpg"", ""human_086.jpg""]""",social_094.jpg,True,old,True,2.8344295999995666,,15,18,24,23,015,/dss/studies/attentional-thief/data/sub-015/beh/attention_thief_ET_sub-015_2026-04-01_14h47.59.776.csv,75.0,115.12193090000072,False
,,time_estimation,2,passive,6,3,9,58.65064540000094,32.0,-26.65064540000094,0.5456035442024222,0,"""[5.343, 5.6772, 3.6245, 5.9768, 5.0597, 5.7599, 4.7764, 6.8444, 6.9935]""","""[0.8267, 0.7095, 0.7097, 0.8601, 0.9597, 0.8942, 0.7419, 0.9937, 0.961]""","""[""social_116.jpg"", ""social_059.jpg"", ""nature_029.jpg"", ""social_067.jpg"", ""human_051.jpg"", ""human_081.jpg"", ""human_004.jpg"", ""nature_054.jpg"", ""nature_106.jpg""]""",social_116.jpg,True,old,True,5.298429599999508,,15,19,24,23,015,/dss/studies/attentional-thief/data/sub-015/beh/attention_thief_ET_sub-015_2026-04-01_14h47.59.776.csv,32.0,58.65064540000094,False
,,time_estimation,3,active,7,1,18,94.86493750000228,58.0,-36.86493750000227,0.6113955432690673,0,"""[2.6402, 3.2744, 3.8078, 4.1256, 4.5748, 4.4601, 4.0082, 3.8252, 3.3579, 6.7942, 4.3259, 3.0416, 2.925, 10.0291, 4.4253, 3.9089, 4.2092, 4.7097]""","""[0.9927, 0.811, 0.7942, 0.8273, 0.7101, 0.9777, 0.9589, 0.8776, 0.8603, 0.7774, 0.7434, 0.7098, 0.7767, 0.7602, 0.8606, 0.8109, 0.7932, 0.7931]""","""[""human_080.jpg"", ""nature_090.jpg"", ""social_113.jpg"", ""social_119.jpg"", ""social_093.jpg"", ""nature_111.jpg"", ""social_049.jpg"", ""nature_033.jpg"", ""human_113.jpg"", ""human_094.jpg"", ""nature_053.jpg"", ""nature_092.jpg"", ""human_027.jpg"", ""social_079.jpg"", ""human_042.jpg"", ""human_100.jpg"", ""social_057.jpg"", ""nature_039.jpg""]""",nature_025.jpg,False,new,True,1.4185547999986738,,15,20,24,23,015,/dss/studies/attentional-thief/data/sub-015/beh/attention_thief_ET_sub-015_2026-04-01_14h47.59.776.csv,58.0,94.86493750000228,False
,,time_estimation,3,active,7,2,12,47.64833920000092,32.5,-15.14833920000092,0.68208043649923,0,"""[2.1575, 2.7407, 2.5742, 2.9919, 3.0915, 3.4751, 4.3427, 2.6406, 3.5911, 3.1756, 2.5085, 3.3077]""","""[0.8762, 0.8269, 0.8443, 0.9604, 0.7928, 0.7435, 0.7099, 0.7763, 0.7272, 0.9608, 0.9263, 0.8262]""","""[""social_026.jpg"", ""nature_059.jpg"", ""nature_030.jpg"", ""social_035.jpg"", ""human_072.jpg"", ""human_035.jpg"", ""nature_044.jpg"", ""nature_093.jpg"", ""human_120.jpg"", ""social_050.jpg"", ""human_061.jpg"", ""social_018.jpg""]""",social_050.jpg,True,old,True,1.0512963999972271,,15,21,24,23,015,/dss/studies/attentional-thief/data/sub-015/beh/attention_thief_ET_sub-015_2026-04-01_14h47.59.776.csv,32.5,47.64833920000092,False
,,time_estimation,3,active,7,3,9,39.21002139999837,21.5,-17.710021399998368,0.548329208512008,0,"""[3.2071, 2.308, 5.043, 2.374, 2.5748, 3.6916, 4.3592, 3.6921, 3.4243]""","""[0.894, 0.9611, 0.7262, 1.0102, 0.8271, 0.8433, 0.7437, 0.7766, 0.9104]""","""[""nature_115.jpg"", ""human_039.jpg"", ""social_012.jpg"", ""nature_096.jpg"", ""nature_098.jpg"", ""human_098.jpg"", ""social_078.jpg"", ""social_075.jpg"", ""human_024.jpg""]""",nature_115.jpg,True,old,True,1.2520781999992323,,15,22,24,23,015,/dss/studies/attentional-thief/data/sub-015/beh/attention_thief_ET_sub-015_2026-04-01_14h47.59.776.csv,21.5,39.21002139999837,False
,,time_estimation,3,passive,8,1,9,39.35426720000032,19.5,-19.85426720000032,0.4954989988989006,0,"""[4.3592, 2.308, 5.043, 2.374, 3.6916, 3.4243, 3.2071, 3.6921, 2.5748]""","""[0.7437, 0.9611, 0.7262, 1.0102, 0.8433, 0.9104, 0.894, 0.7766, 0.8271]""","""[""social_015.jpg"", ""human_036.jpg"", ""nature_007.jpg"", ""nature_067.jpg"", ""social_083.jpg"", ""human_104.jpg"", ""human_057.jpg"", ""social_020.jpg"", ""nature_109.jpg""]""",human_022.jpg,False,new,True,1.4634126000019023,,15,23,24,23,015,/dss/studies/attentional-thief/data/sub-015/beh/attention_thief_ET_sub-015_2026-04-01_14h47.59.776.csv,19.5,39.35426720000032,False
,,time_estimation,3,passive,8,2,12,47.80952719999914,29.5,-18.30952719999914,0.6170318287523356,0,"""[4.3427, 3.1756, 3.3077, 2.6406, 2.9919, 2.5085, 3.4751, 2.5742, 2.1575, 2.7407, 3.5911, 3.0915]""","""[0.7099, 0.9608, 0.8262, 0.7763, 0.9604, 0.9263, 0.7435, 0.8443, 0.8762, 0.8269, 0.7272, 0.7928]""","""[""social_091.jpg"", ""social_118.jpg"", ""nature_081.jpg"", ""human_071.jpg"", ""nature_016.jpg"", ""human_034.jpg"", ""human_077.jpg"", ""nature_009.jpg"", ""nature_104.jpg"", ""human_056.jpg"", ""social_076.jpg"", ""social_098.jpg""]""",nature_099.jpg,False,new,True,3.9671152000009897,,15,24,24,23,015,/dss/studies/attentional-thief/data/sub-015/beh/attention_thief_ET_sub-015_2026-04-01_14h47.59.776.csv,29.5,47.80952719999914,False
,,time_estimation,3,passive,8,3,18,95.22542700000122,43.5,-51.72542700000122,0.4568107633688998,0,"""[4.3259, 4.4253, 10.0291, 3.3579, 4.1256, 4.2092, 3.0416, 4.7097, 2.925, 4.0082, 6.7942, 3.8252, 2.6402, 3.8078, 4.4601, 3.9089, 4.5748, 3.2744]""","""[0.7434, 0.8606, 0.7602, 0.8603, 0.8273, 0.7932, 0.7098, 0.7931, 0.7767, 0.9589, 0.7774, 0.8776, 0.9927, 0.7942, 0.9777, 0.8109, 0.7101, 0.811]""","""[""social_086.jpg"", ""nature_045.jpg"", ""social_031.jpg"", ""nature_036.jpg"", ""nature_077.jpg"", ""human_118.jpg"", ""social_042.jpg"", ""nature_097.jpg"", ""human_084.jpg"", ""human_044.jpg"", ""social_068.jpg"", ""human_110.jpg"", ""nature_063.jpg"", ""nature_089.jpg"", ""human_013.jpg"", ""social_014.jpg"", ""human_063.jpg"", ""social_112.jpg""]""",human_109.jpg,False,new,True,1.6261496000006446,,15,25,24,23,015,/dss/studies/attentional-thief/data/sub-015/beh/attention_thief_ET_sub-015_2026-04-01_14h47.59.776.csv,43.5,95.22542700000122,False
,,time_estimation,3,constant,9,1,9,39.33706320000056,43.5,4.162936799999443,1.1058273409693529,0,,,"[""nature_071.jpg""]",human_038.jpg,False,new,True,1.999950400000671,nature_071.jpg,15,26,24,23,015,/dss/studies/attentional-thief/data/sub-015/beh/attention_thief_ET_sub-015_2026-04-01_14h47.59.776.csv,43.5,39.33706320000056,False
,,time_estimation,3,constant,9,2,12,47.75924719999966,32.0,-15.759247199999663,0.6700273114857687,0,,,"[""human_053.jpg""]",human_053.jpg,True,old,True,0.8273818000016036,human_053.jpg,15,27,24,23,015,/dss/studies/attentional-thief/data/sub-015/beh/attention_thief_ET_sub-015_2026-04-01_14h47.59.776.csv,32.0,47.75924719999966,False
,,time_estimation,3,constant,9,3,18,94.97558630000276,73.5,-21.47558630000276,0.7738830878899019,0,,,"[""social_102.jpg""]",social_102.jpg,True,old,True,1.2980677000014111,social_102.jpg,15,28,24,23,015,/dss/studies/attentional-thief/data/sub-015/beh/attention_thief_ET_sub-015_2026-04-01_14h47.59.776.csv,73.5,94.97558630000276,False
,,time_estimation,4,active,10,1,18,75.28496390000146,70.0,-5.284963900001458,0.9298005388297548,0,"""[2.3417, 2.5073, 2.2075, 2.3907, 3.4917, 3.308, 4.0586, 2.8913, 3.0578, 3.4575, 3.7917, 3.5244, 4.1753, 3.7585, 4.6089, 2.8239, 2.2247, 3.7911]""","""[0.7436, 0.776, 0.9941, 0.8936, 0.944, 0.7602, 0.9606, 0.8939, 0.9604, 0.7268, 0.7443, 0.7268, 0.9609, 0.7773, 0.7602, 0.8271, 0.9611, 0.7927]""","""[""nature_027.jpg"", ""social_047.jpg"", ""nature_094.jpg"", ""human_045.jpg"", ""social_053.jpg"", ""social_072.jpg"", ""human_106.jpg"", ""nature_010.jpg"", ""human_069.jpg"", ""nature_058.jpg"", ""social_085.jpg"", ""nature_026.jpg"", ""social_107.jpg"", ""nature_047.jpg"", ""human_102.jpg"", ""social_002.jpg"", ""human_074.jpg"", ""human_112.jpg""]""",human_021.jpg,False,new,True,0.8932926999987103,,15,29,24,23,015,/dss/studies/attentional-thief/data/sub-015/beh/attention_thief_ET_sub-015_2026-04-01_14h47.59.776.csv,70.0,75.28496390000146,False
,,time_estimation,4,active,10,2,9,35.03903859999991,33.0,-2.0390385999999125,0.9418066624693316,0,"""[3.8921, 2.158, 2.9739, 2.2078, 2.0403, 2.4574, 3.2749, 3.9252, 3.7254]""","""[0.9749, 0.9437, 0.8264, 0.8778, 0.76, 0.7771, 0.7771, 0.8603, 0.7101]""","""[""human_096.jpg"", ""human_040.jpg"", ""social_088.jpg"", ""nature_108.jpg"", ""social_040.jpg"", ""social_097.jpg"", ""human_019.jpg"", ""nature_057.jpg"", ""nature_110.jpg""]""",nature_019.jpg,False,new,True,5.138516099999833,,15,30,24,23,015,/dss/studies/attentional-thief/data/sub-015/beh/attention_thief_ET_sub-015_2026-04-01_14h47.59.776.csv,33.0,35.03903859999991,False
,,time_estimation,4,active,10,3,12,28.65273359999992,16.5,-12.15273359999992,0.5758612853609208,0,"""[2.1562, 1.3576, 1.6073, 1.1232, 1.4901, 1.3399, 1.6236, 1.3076, 1.274, 1.3742, 1.3232, 1.4233]""","""[0.8768, 0.8109, 0.9429, 0.7934, 0.9937, 0.9774, 0.7939, 0.8104, 0.8429, 0.7263, 0.7429, 0.8439]""","""[""social_034.jpg"", ""nature_041.jpg"", ""nature_080.jpg"", ""nature_052.jpg"", ""human_015.jpg"", ""human_055.jpg"", ""social_044.jpg"", ""nature_005.jpg"", ""human_047.jpg"", ""social_074.jpg"", ""social_027.jpg"", ""human_068.jpg""]""",nature_032.jpg,False,new,True,1.023980300000403,,15,31,24,23,015,/dss/studies/attentional-thief/data/sub-015/beh/attention_thief_ET_sub-015_2026-04-01_14h47.59.776.csv,16.5,28.65273359999992,False
,,time_estimation,4,constant,11,1,18,75.39538080000057,62.5,-12.895380800000568,0.8289632512871337,0,,,"[""nature_117.jpg""]",nature_117.jpg,True,old,True,0.8715823999991699,nature_117.jpg,15,32,24,23,015,/dss/studies/attentional-thief/data/sub-015/beh/attention_thief_ET_sub-015_2026-04-01_14h47.59.776.csv,62.5,75.39538080000057,False
,,time_estimation,4,constant,11,2,12,28.76362060000247,23.5,-5.263620600002469,0.8170042404188151,0,,,"[""human_117.jpg""]",social_010.jpg,False,new,True,1.354412400000001,human_117.jpg,15,33,24,23,015,/dss/studies/attentional-thief/data/sub-015/beh/attention_thief_ET_sub-015_2026-04-01_14h47.59.776.csv,23.5,28.76362060000247,False
,,time_estimation,4,constant,11,3,9,35.15143630000239,32.0,-3.151436300002388,0.9103468696668258,0,,,"[""social_066.jpg""]",social_066.jpg,True,old,True,0.9055492999978014,social_066.jpg,15,34,24,23,015,/dss/studies/attentional-thief/data/sub-015/beh/attention_thief_ET_sub-015_2026-04-01_14h47.59.776.csv,32.0,35.15143630000239,False
,,time_estimation,4,passive,12,1,9,35.1344468999996,35.5,0.3655531000003975,1.0104044074193297,0,"""[3.7254, 3.9252, 2.2078, 2.158, 3.2749, 2.4574, 2.9739, 3.8921, 2.0403]""","""[0.7101, 0.8603, 0.8778, 0.9437, 0.7771, 0.7771, 0.8264, 0.9749, 0.76]""","""[""human_054.jpg"", ""social_073.jpg"", ""nature_107.jpg"", ""human_116.jpg"", ""nature_101.jpg"", ""social_092.jpg"", ""human_059.jpg"", ""nature_042.jpg"", ""social_062.jpg""]""",nature_107.jpg,True,old,True,1.200239199999487,,15,35,24,23,015,/dss/studies/attentional-thief/data/sub-015/beh/attention_thief_ET_sub-015_2026-04-01_14h47.59.776.csv,35.5,35.1344468999996,False
,,time_estimation,4,passive,12,2,18,75.61213080000016,54.0,-21.61213080000016,0.7141711181613716,0,"""[3.5244, 2.5073, 3.308, 3.4917, 4.0586, 2.8239, 4.6089, 2.3907, 3.4575, 2.2075, 3.7911, 3.0578, 3.7917, 2.8913, 3.7585, 4.1753, 2.2247, 2.3417]""","""[0.7268, 0.776, 0.7602, 0.944, 0.9606, 0.8271, 0.7602, 0.8936, 0.7268, 0.9941, 0.7927, 0.9604, 0.7443, 0.8939, 0.7773, 0.9609, 0.9611, 0.7436]""","""[""social_077.jpg"", ""social_006.jpg"", ""social_084.jpg"", ""human_089.jpg"", ""nature_013.jpg"", ""nature_006.jpg"", ""social_120.jpg"", ""social_017.jpg"", ""nature_060.jpg"", ""human_095.jpg"", ""human_088.jpg"", ""nature_105.jpg"", ""human_062.jpg"", ""nature_018.jpg"", ""social_043.jpg"", ""human_090.jpg"", ""nature_040.jpg"", ""human_011.jpg""]""",social_115.jpg,False,new,True,0.9457676999991236,,15,36,24,23,015,/dss/studies/attentional-thief/data/sub-015/beh/attention_thief_ET_sub-015_2026-04-01_14h47.59.776.csv,54.0,75.61213080000016,False
,,time_estimation,4,passive,12,3,12,28.830409000001964,16.0,-12.830409000001964,0.5549695809032369,0,"""[1.4233, 1.3742, 1.4901, 1.3076, 1.274, 2.1562, 1.3399, 1.3232, 1.1232, 1.6073, 1.6236, 1.3576]""","""[0.8439, 0.7263, 0.9937, 0.8104, 0.8429, 0.8768, 0.9774, 0.7429, 0.7934, 0.9429, 0.7939, 0.8109]""","""[""human_060.jpg"", ""social_039.jpg"", ""human_037.jpg"", ""nature_001.jpg"", ""human_043.jpg"", ""nature_078.jpg"", ""nature_073.jpg"", ""social_114.jpg"", ""nature_102.jpg"", ""social_008.jpg"", ""human_082.jpg"", ""social_025.jpg""]""",social_039.jpg,True,old,True,0.9266798999997264,,15,37,24,23,015,/dss/studies/attentional-thief/data/sub-015/beh/attention_thief_ET_sub-015_2026-04-01_14h47.59.776.csv,16.0,28.830409000001964,False
,,time_estimation,1,active,1,1,12,93.7312041,84.0,-9.7312,0.89617967,0,"""[5.8105, 8.5284, 5.6929, 5.6259, 8.6119, 7.9107, 8.3951, 5.8604, 4.6252, 6.427, 6.9269, 7.7777]""","""[0.7934, 0.8098, 0.7934, 0.894, 0.9275, 1.0103, 0.9777, 0.7766, 0.8599, 0.9606, 0.7936, 0.727]""","""[""human_095.jpg"", ""human_087.jpg"", ""human_024.jpg"", ""nature_023.jpg"", ""human_101.jpg"", ""nature_054.jpg"", ""social_096.jpg"", ""nature_117.jpg"", ""social_034.jpg"", ""social_099.jpg"", ""social_094.jpg"", ""nature_106.jpg""]""",social_094.jpg,True,old,True,5.210252600000331,,16,2,24,23,016,/dss/studies/attentional-thief/data/sub-016/beh/attention_thief_ET_sub-016_2026-04-02_09h25.07.304.csv,84.0,93.7312041,False
,,time_estimation,1,active,1,2,9,54.63678620000019,36.0,-18.6368,0.65889673,0,"""[8.1952, 5.6431, 6.6942, 3.7589, 5.1267, 5.8106, 1.6408, 4.3591, 4.8594]""","""[0.9422, 0.9766, 0.7932, 0.8269, 0.7931, 0.7596, 0.9598, 0.8767, 0.8436]""","""[""social_005.jpg"", ""human_112.jpg"", ""human_055.jpg"", ""social_078.jpg"", ""human_054.jpg"", ""social_046.jpg"", ""nature_098.jpg"", ""nature_004.jpg"", ""nature_044.jpg""]""",social_078.jpg,True,old,True,2.0220899999999347,,16,3,24,23,016,/dss/studies/attentional-thief/data/sub-016/beh/attention_thief_ET_sub-016_2026-04-02_09h25.07.304.csv,36.0,54.63678620000019,False
,,time_estimation,1,active,1,3,18,104.17197320000014,54.0,-50.172,0.51837359,0,"""[2.841, 4.909, 4.0429, 2.8747, 4.5255, 3.3753, 4.3587, 5.4927, 4.6424, 4.2754, 5.0926, 13.6489, 4.4092, 4.4096, 3.9926, 3.9426, 3.8755, 5.6431]""","""[0.7937, 1.0103, 0.9273, 0.9763, 0.8603, 0.8439, 0.9768, 0.9603, 0.9273, 0.9272, 0.9438, 0.7604, 0.7768, 1.0101, 0.8262, 0.7264, 0.8264, 0.9602]""","""[""social_061.jpg"", ""social_024.jpg"", ""nature_111.jpg"", ""nature_042.jpg"", ""social_114.jpg"", ""human_017.jpg"", ""human_004.jpg"", ""nature_118.jpg"", ""nature_033.jpg"", ""human_040.jpg"", ""human_028.jpg"", ""human_103.jpg"", ""nature_021.jpg"", ""social_089.jpg"", ""social_072.jpg"", ""nature_088.jpg"", ""human_025.jpg"", ""social_112.jpg""]""",social_114.jpg,True,old,True,2.1411181999997098,,16,4,24,23,016,/dss/studies/attentional-thief/data/sub-016/beh/attention_thief_ET_sub-016_2026-04-02_09h25.07.304.csv,54.0,104.17197320000014,False
,,time_estimation,1,passive,2,1,9,54.84749029999966,45.0,-9.8475,0.82045687,0,"""[4.8594, 5.1267, 8.1952, 4.3591, 3.7589, 6.6942, 5.8106, 1.6408, 5.6431]""","""[0.8436, 0.7931, 0.9422, 0.8767, 0.8269, 0.7932, 0.7596, 0.9598, 0.9766]""","""[""human_114.jpg"", ""nature_019.jpg"", ""social_001.jpg"", ""social_070.jpg"", ""nature_083.jpg"", ""nature_089.jpg"", ""human_009.jpg"", ""human_007.jpg"", ""social_108.jpg""]""",social_091.jpg,False,new,True,2.168423000000076,,16,5,24,23,016,/dss/studies/attentional-thief/data/sub-016/beh/attention_thief_ET_sub-016_2026-04-02_09h25.07.304.csv,45.0,54.84749029999966,False
,,time_estimation,1,passive,2,2,18,104.39865169999985,72.0,-32.3987,0.68966408,0,"""[5.0926, 2.841, 4.5255, 3.3753, 5.6431, 3.9926, 2.8747, 4.4092, 3.8755, 4.2754, 4.4096, 4.3587, 3.9426, 13.6489, 4.6424, 4.909, 5.4927, 4.0429]""","""[0.9438, 0.7937, 0.8603, 0.8439, 0.9602, 0.8262, 0.9763, 0.7768, 0.8264, 0.9272, 1.0101, 0.9768, 0.7264, 0.7604, 0.9273, 1.0103, 0.9603, 0.9273]""","""[""social_052.jpg"", ""nature_091.jpg"", ""social_003.jpg"", ""social_093.jpg"", ""nature_120.jpg"", ""human_026.jpg"", ""human_097.jpg"", ""nature_110.jpg"", ""social_017.jpg"", ""social_044.jpg"", ""nature_087.jpg"", ""social_066.jpg"", ""human_065.jpg"", ""nature_050.jpg"", ""human_075.jpg"", ""human_005.jpg"", ""nature_025.jpg"", ""human_060.jpg""]""",nature_050.jpg,True,old,True,1.5718206999999893,,16,6,24,23,016,/dss/studies/attentional-thief/data/sub-016/beh/attention_thief_ET_sub-016_2026-04-02_09h25.07.304.csv,72.0,104.39865169999985,False
,,time_estimation,1,passive,2,3,12,93.87493459999996,78.0,-15.8749,0.83089272,0,"""[5.6929, 5.6259, 8.3951, 5.8604, 5.8105, 6.427, 6.9269, 8.5284, 4.6252, 7.9107, 8.6119, 7.7777]""","""[0.7934, 0.894, 0.9777, 0.7766, 0.7934, 0.9606, 0.7936, 0.8098, 0.8599, 1.0103, 0.9275, 0.727]""","""[""human_008.jpg"", ""social_032.jpg"", ""nature_055.jpg"", ""nature_115.jpg"", ""nature_027.jpg"", ""social_076.jpg"", ""social_102.jpg"", ""nature_013.jpg"", ""human_021.jpg"", ""human_041.jpg"", ""human_116.jpg"", ""social_100.jpg""]""",human_100.jpg,False,new,True,1.981632400000308,,16,7,24,23,016,/dss/studies/attentional-thief/data/sub-016/beh/attention_thief_ET_sub-016_2026-04-02_09h25.07.304.csv,78.0,93.87493459999996,False
,,time_estimation,1,constant,3,1,18,104.28154900000028,120.0,15.718450999999732,1.150730892959786,0,,,"[""human_107.jpg""]",human_107.jpg,True,old,True,4.896154100000331,human_107.jpg,16,8,24,23,016,/dss/studies/attentional-thief/data/sub-016/beh/attention_thief_ET_sub-016_2026-04-02_09h25.07.304.csv,120.0,104.28154900000028,False
,,time_estimation,1,constant,3,2,9,54.76540520000026,45.0,-9.76540520000026,0.8216866073694236,0,,,"[""nature_026.jpg""]",nature_026.jpg,True,old,True,1.7992439999998169,nature_026.jpg,16,9,24,23,016,/dss/studies/attentional-thief/data/sub-016/beh/attention_thief_ET_sub-016_2026-04-02_09h25.07.304.csv,45.0,54.76540520000026,False
,,time_estimation,1,constant,3,3,12,93.84141839999984,75.0,-18.84141839999984,0.7992206562811303,0,,,"[""social_073.jpg""]",social_073.jpg,True,old,True,2.621480400000109,social_073.jpg,16,10,24,23,016,/dss/studies/attentional-thief/data/sub-016/beh/attention_thief_ET_sub-016_2026-04-02_09h25.07.304.csv,75.0,93.84141839999984,False
,,time_estimation,2,active,4,1,9,53.3533980000002,40.5,-12.8534,0.75908942,0,"""[6.1432, 5.0092, 4.3761, 4.6935, 6.3604, 3.5919, 3.4758, 4.4927, 6.8613]""","""[0.7594, 0.8104, 0.9605, 0.7764, 0.7426, 0.9435, 0.9936, 0.8925, 0.7432]""","""[""human_053.jpg"", ""social_118.jpg"", ""nature_041.jpg"", ""nature_080.jpg"", ""human_119.jpg"", ""human_012.jpg"", ""social_060.jpg"", ""nature_024.jpg"", ""social_056.jpg""]""",social_056.jpg,True,old,True,1.4118470999992496,,16,11,24,23,016,/dss/studies/attentional-thief/data/sub-016/beh/attention_thief_ET_sub-016_2026-04-02_09h25.07.304.csv,40.5,53.3533980000002,False
,,time_estimation,2,active,4,2,12,68.34752790000039,36.0,-32.3475,0.52671986,0,"""[4.0418, 3.1079, 4.9763, 3.5589, 3.9093, 5.2433, 6.4941, 4.6761, 6.1939, 6.0765, 4.8253, 4.4258]""","""[0.8937, 0.8271, 0.7104, 0.7265, 0.7263, 0.743, 0.8931, 0.7768, 0.9099, 0.76, 0.8774, 0.9276]""","""[""social_074.jpg"", ""nature_101.jpg"", ""nature_100.jpg"", ""nature_084.jpg"", ""social_053.jpg"", ""human_073.jpg"", ""human_002.jpg"", ""nature_112.jpg"", ""human_006.jpg"", ""social_101.jpg"", ""social_115.jpg"", ""human_020.jpg""]""",human_099.jpg,False,new,True,1.2736518000001524,,16,12,24,23,016,/dss/studies/attentional-thief/data/sub-016/beh/attention_thief_ET_sub-016_2026-04-02_09h25.07.304.csv,36.0,68.34752790000039,False
,,time_estimation,2,active,4,3,18,93.13199299999997,45.0,-48.132,0.48318519,0,"""[3.6252, 6.6937, 3.7415, 4.4091, 5.6927, 3.4578, 3.9748, 4.3421, 4.427, 3.9425, 3.4919, 4.5094, 4.1921, 3.6089, 3.3912, 4.1926, 4.6585, 3.6257]""","""[0.8422, 0.8102, 0.9272, 0.8604, 0.8268, 0.8941, 0.9275, 0.9106, 0.8105, 0.9259, 0.9767, 0.9434, 0.8934, 0.8272, 0.9099, 0.777, 0.8098, 0.7274]""","""[""human_056.jpg"", ""human_092.jpg"", ""nature_017.jpg"", ""social_045.jpg"", ""human_035.jpg"", ""nature_107.jpg"", ""social_039.jpg"", ""social_098.jpg"", ""social_092.jpg"", ""nature_119.jpg"", ""human_048.jpg"", ""nature_097.jpg"", ""social_111.jpg"", ""social_002.jpg"", ""nature_079.jpg"", ""nature_031.jpg"", ""human_023.jpg"", ""human_030.jpg""]""",social_069.jpg,False,new,True,2.649984900000163,,16,13,24,23,016,/dss/studies/attentional-thief/data/sub-016/beh/attention_thief_ET_sub-016_2026-04-02_09h25.07.304.csv,45.0,93.13199299999997,False
,,time_estimation,2,constant,5,1,12,68.45742050000081,80.0,11.542579499999192,1.1686096177111882,0,,,"[""human_061.jpg""]",nature_006.jpg,False,new,True,3.287569299999632,human_061.jpg,16,14,24,23,016,/dss/studies/attentional-thief/data/sub-016/beh/attention_thief_ET_sub-016_2026-04-02_09h25.07.304.csv,80.0,68.45742050000081,False
,,time_estimation,2,constant,5,2,9,53.44751859999997,60.0,6.552481400000033,1.1225965502540662,0,,,"[""social_079.jpg""]",nature_008.jpg,False,new,True,2.321233399999983,social_079.jpg,16,15,24,23,016,/dss/studies/attentional-thief/data/sub-016/beh/attention_thief_ET_sub-016_2026-04-02_09h25.07.304.csv,60.0,53.44751859999997,False
,,time_estimation,2,constant,5,3,18,93.2244400999998,90.0,-3.22444009999981,0.9654120733088768,0,,,"[""nature_034.jpg""]",nature_034.jpg,True,old,True,1.3773249000005308,nature_034.jpg,16,16,24,23,016,/dss/studies/attentional-thief/data/sub-016/beh/attention_thief_ET_sub-016_2026-04-02_09h25.07.304.csv,90.0,93.2244400999998,False
,,time_estimation,2,passive,6,1,18,93.54137679999984,108.0,14.4586,1.15456928,0,"""[3.9425, 4.5094, 4.3421, 4.4091, 6.6937, 5.6927, 4.1926, 4.6585, 3.6252, 3.6257, 4.427, 3.4578, 3.7415, 4.1921, 3.4919, 3.6089, 3.9748, 3.3912]""","""[0.9259, 0.9434, 0.9106, 0.8604, 0.8102, 0.8268, 0.777, 0.8098, 0.8422, 0.7274, 0.8105, 0.8941, 0.9272, 0.8934, 0.9767, 0.8272, 0.9275, 0.9099]""","""[""human_077.jpg"", ""nature_005.jpg"", ""social_030.jpg"", ""social_004.jpg"", ""human_039.jpg"", ""nature_096.jpg"", ""social_097.jpg"", ""social_086.jpg"", ""nature_102.jpg"", ""social_040.jpg"", ""human_113.jpg"", ""nature_002.jpg"", ""human_093.jpg"", ""social_062.jpg"", ""nature_001.jpg"", ""human_019.jpg"", ""human_085.jpg"", ""nature_069.jpg""]""",human_084.jpg,False,new,True,3.1588777000006303,,16,17,24,23,016,/dss/studies/attentional-thief/data/sub-016/beh/attention_thief_ET_sub-016_2026-04-02_09h25.07.304.csv,108.0,93.54137679999984,False
,,time_estimation,2,passive,6,2,12,68.55698229999962,84.0,15.443,1.22525813,0,"""[3.9093, 4.4258, 4.0418, 6.1939, 4.8253, 4.9763, 5.2433, 3.5589, 3.1079, 6.0765, 4.6761, 6.4941]""","""[0.7263, 0.9276, 0.8937, 0.9099, 0.8774, 0.7104, 0.743, 0.7265, 0.8271, 0.76, 0.7768, 0.8931]""","""[""human_117.jpg"", ""nature_010.jpg"", ""nature_012.jpg"", ""human_083.jpg"", ""social_119.jpg"", ""nature_104.jpg"", ""human_071.jpg"", ""social_065.jpg"", ""social_107.jpg"", ""nature_061.jpg"", ""social_063.jpg"", ""human_076.jpg""]""",social_119.jpg,True,old,True,1.029310500000065,,16,18,24,23,016,/dss/studies/attentional-thief/data/sub-016/beh/attention_thief_ET_sub-016_2026-04-02_09h25.07.304.csv,84.0,68.55698229999962,False
,,time_estimation,2,passive,6,3,9,53.6463248,67.5,13.8537,1.2582409,0,"""[3.4758, 4.4927, 5.0092, 4.6935, 3.5919, 6.3604, 6.8613, 6.1432, 4.3761]""","""[0.9936, 0.8925, 0.8104, 0.7764, 0.9435, 0.7426, 0.7432, 0.7594, 0.9605]""","""[""social_027.jpg"", ""social_020.jpg"", ""nature_108.jpg"", ""social_025.jpg"", ""human_069.jpg"", ""human_036.jpg"", ""nature_092.jpg"", ""nature_086.jpg"", ""human_037.jpg""]""",nature_047.jpg,False,new,True,1.713347299999441,,16,19,24,23,016,/dss/studies/attentional-thief/data/sub-016/beh/attention_thief_ET_sub-016_2026-04-02_09h25.07.304.csv,67.5,53.6463248,False
,,time_estimation,3,active,7,1,18,94.63052020000032,63.0,-31.6305,0.66574716,0,"""[3.6415, 4.1084, 3.2915, 3.8085, 4.3922, 4.1592, 4.5427, 4.3923, 3.9092, 3.6257, 5.0934, 4.076, 5.2098, 4.5095, 4.859, 5.9433, 4.2424, 3.9589]""","""[0.7082, 0.7105, 0.744, 0.9105, 0.877, 0.877, 0.9933, 0.7097, 0.9103, 0.9432, 0.7597, 0.8596, 0.9764, 0.9432, 0.7598, 0.8272, 0.8771, 0.9266]""","""[""nature_081.jpg"", ""social_043.jpg"", ""nature_060.jpg"", ""social_011.jpg"", ""nature_015.jpg"", ""nature_003.jpg"", ""human_108.jpg"", ""nature_078.jpg"", ""nature_038.jpg"", ""human_104.jpg"", ""human_052.jpg"", ""human_042.jpg"", ""social_047.jpg"", ""human_031.jpg"", ""human_068.jpg"", ""social_080.jpg"", ""social_077.jpg"", ""social_028.jpg""]""",nature_090.jpg,False,new,True,1.50104360000023,,16,20,24,23,016,/dss/studies/attentional-thief/data/sub-016/beh/attention_thief_ET_sub-016_2026-04-02_09h25.07.304.csv,63.0,94.63052020000032,False
,,time_estimation,3,active,7,2,12,65.34383600000001,30.0,-35.3438,0.45910987,0,"""[5.16, 5.0267, 5.1931, 6.3774, 4.359, 8.1114, 2.9586, 5.1435, 3.8421, 2.1084, 2.7912, 2.6742]""","""[0.9592, 0.8599, 0.893, 0.7931, 0.7598, 0.9933, 0.8271, 0.876, 0.9595, 0.8431, 0.7593, 0.9107]""","""[""human_091.jpg"", ""human_032.jpg"", ""social_109.jpg"", ""social_088.jpg"", ""social_009.jpg"", ""human_105.jpg"", ""nature_043.jpg"", ""social_029.jpg"", ""nature_046.jpg"", ""nature_071.jpg"", ""human_044.jpg"", ""nature_045.jpg""]""",social_049.jpg,False,new,True,1.0724857999994128,,16,21,24,23,016,/dss/studies/attentional-thief/data/sub-016/beh/attention_thief_ET_sub-016_2026-04-02_09h25.07.304.csv,30.0,65.34383600000001,False
,,time_estimation,3,active,7,3,9,42.36094200000025,45.0,2.6391,1.06229932,0,"""[3.3751, 4.4756, 3.8258, 3.3421, 4.1753, 3.5922, 3.4585, 3.0584, 4.6087]""","""[0.8255, 0.7768, 0.8101, 0.7263, 0.8598, 0.877, 0.9934, 0.9603, 0.7432]""","""[""social_083.jpg"", ""social_007.jpg"", ""nature_073.jpg"", ""human_050.jpg"", ""social_048.jpg"", ""human_062.jpg"", ""nature_056.jpg"", ""nature_070.jpg"", ""human_072.jpg""]""",human_078.jpg,False,new,True,1.5723103999998784,,16,22,24,23,016,/dss/studies/attentional-thief/data/sub-016/beh/attention_thief_ET_sub-016_2026-04-02_09h25.07.304.csv,45.0,42.36094200000025,False
,,time_estimation,3,passive,8,1,9,42.35582220000015,45.0,2.6442,1.06242773,0,"""[4.4756, 3.3751, 3.3421, 4.6087, 3.5922, 3.0584, 3.4585, 3.8258, 4.1753]""","""[0.7768, 0.8255, 0.7263, 0.7432, 0.877, 0.9603, 0.9934, 0.8101, 0.8598]""","""[""social_023.jpg"", ""human_057.jpg"", ""human_064.jpg"", ""human_049.jpg"", ""nature_052.jpg"", ""nature_058.jpg"", ""nature_040.jpg"", ""social_035.jpg"", ""social_016.jpg""]""",social_016.jpg,True,old,True,1.3433445999999094,,16,23,24,23,016,/dss/studies/attentional-thief/data/sub-016/beh/attention_thief_ET_sub-016_2026-04-02_09h25.07.304.csv,45.0,42.35582220000015,False
,,time_estimation,3,passive,8,2,18,95.02558320000026,108.0,12.9744,1.13653604,0,"""[5.9433, 3.6415, 4.3923, 3.8085, 3.2915, 4.5427, 4.1592, 4.1084, 5.0934, 4.5095, 3.6257, 3.9092, 4.3922, 4.2424, 4.859, 3.9589, 5.2098, 4.076]""","""[0.8272, 0.7082, 0.7097, 0.9105, 0.744, 0.9933, 0.877, 0.7105, 0.7597, 0.9432, 0.9432, 0.9103, 0.877, 0.8771, 0.7598, 0.9266, 0.9764, 0.8596]""","""[""nature_075.jpg"", ""human_016.jpg"", ""nature_063.jpg"", ""social_037.jpg"", ""social_095.jpg"", ""nature_076.jpg"", ""social_113.jpg"", ""social_019.jpg"", ""human_058.jpg"", ""nature_059.jpg"", ""human_070.jpg"", ""human_098.jpg"", ""human_081.jpg"", ""nature_065.jpg"", ""nature_030.jpg"", ""human_109.jpg"", ""social_064.jpg"", ""social_104.jpg""]""",human_081.jpg,True,old,True,1.5715802999993684,,16,24,24,23,016,/dss/studies/attentional-thief/data/sub-016/beh/attention_thief_ET_sub-016_2026-04-02_09h25.07.304.csv,108.0,95.02558320000026,False
,,time_estimation,3,passive,8,3,12,65.5059224000006,60.0,-5.5059,0.91594772,0,"""[3.8421, 4.359, 6.3774, 2.6742, 5.1435, 5.16, 2.1084, 5.1931, 2.9586, 8.1114, 5.0267, 2.7912]""","""[0.9595, 0.7598, 0.7931, 0.9107, 0.876, 0.9592, 0.8431, 0.893, 0.8271, 0.9933, 0.8599, 0.7593]""","""[""social_050.jpg"", ""nature_077.jpg"", ""social_084.jpg"", ""nature_064.jpg"", ""human_033.jpg"", ""human_080.jpg"", ""human_014.jpg"", ""nature_014.jpg"", ""human_063.jpg"", ""nature_020.jpg"", ""social_058.jpg"", ""social_071.jpg""]""",human_096.jpg,False,new,True,3.4298502999999982,,16,25,24,23,016,/dss/studies/attentional-thief/data/sub-016/beh/attention_thief_ET_sub-016_2026-04-02_09h25.07.304.csv,60.0,65.5059224000006,False
,,time_estimation,3,constant,9,1,18,94.72597529999985,120.0,25.274024700000155,1.2668119765455736,0,,,"[""human_022.jpg""]",human_022.jpg,True,old,True,1.1421203999998395,human_022.jpg,16,26,24,23,016,/dss/studies/attentional-thief/data/sub-016/beh/attention_thief_ET_sub-016_2026-04-02_09h25.07.304.csv,120.0,94.72597529999985,False
,,time_estimation,3,constant,9,2,12,65.43827919999967,60.0,-5.43827919999967,0.9168945261629114,0,,,"[""social_120.jpg""]",social_103.jpg,False,new,True,0.9930702999999994,social_120.jpg,16,27,24,23,016,/dss/studies/attentional-thief/data/sub-016/beh/attention_thief_ET_sub-016_2026-04-02_09h25.07.304.csv,60.0,65.43827919999967,False
,,time_estimation,3,constant,9,3,9,42.45536640000046,45.0,2.544633599999542,1.059936677404332,0,,,"[""nature_039.jpg""]",human_047.jpg,False,new,True,2.083434699999998,nature_039.jpg,16,28,24,23,016,/dss/studies/attentional-thief/data/sub-016/beh/attention_thief_ET_sub-016_2026-04-02_09h25.07.304.csv,45.0,42.45536640000046,False
,,time_estimation,4,active,10,1,18,71.79793539999991,54.0,-17.7979,0.75211076,0,"""[1.8235, 2.9575, 2.7584, 2.6411, 2.1912, 2.4407, 2.4081, 2.5743, 3.1413, 3.4753, 3.7079, 3.0243, 3.1415, 5.3435, 2.8412, 3.2914, 3.2585, 3.7587]""","""[0.7418, 0.7441, 0.8774, 0.8101, 0.9107, 0.86, 0.7437, 0.9598, 0.9605, 0.8769, 0.9431, 0.8608, 0.9605, 0.9771, 0.9766, 0.7102, 0.7769, 0.7264]""","""[""nature_085.jpg"", ""social_015.jpg"", ""human_089.jpg"", ""social_106.jpg"", ""human_029.jpg"", ""social_036.jpg"", ""human_118.jpg"", ""nature_114.jpg"", ""human_034.jpg"", ""human_074.jpg"", ""human_051.jpg"", ""social_059.jpg"", ""nature_016.jpg"", ""social_075.jpg"", ""nature_094.jpg"", ""nature_095.jpg"", ""social_014.jpg"", ""nature_036.jpg""]""",human_051.jpg,True,old,True,1.0644131999997626,,16,29,24,23,016,/dss/studies/attentional-thief/data/sub-016/beh/attention_thief_ET_sub-016_2026-04-02_09h25.07.304.csv,54.0,71.79793539999991,False
,,time_estimation,4,active,10,2,9,41.89611259999947,22.5,-19.3961,0.53704267,0,"""[4.0084, 3.9425, 4.359, 4.5258, 3.4748, 3.6924, 3.1917, 3.5084, 2.3077]""","""[0.9437, 0.9274, 0.8098, 0.8101, 0.9271, 0.7772, 0.9769, 0.9599, 0.81]""","""[""nature_018.jpg"", ""human_079.jpg"", ""human_059.jpg"", ""social_018.jpg"", ""social_057.jpg"", ""nature_109.jpg"", ""social_055.jpg"", ""human_115.jpg"", ""nature_103.jpg""]""",social_082.jpg,False,new,True,1.6753730999989784,,16,30,24,23,016,/dss/studies/attentional-thief/data/sub-016/beh/attention_thief_ET_sub-016_2026-04-02_09h25.07.304.csv,22.5,41.89611259999947,False
,,time_estimation,4,active,10,3,12,52.036934399999154,48.0,-4.0369,0.92242175,0,"""[4.192, 3.175, 2.524, 5.8268, 2.5573, 2.6243, 2.3578, 3.6754, 2.5082, 3.9923, 3.8424, 3.0253]""","""[0.7439, 0.9435, 0.8766, 0.8438, 1.0102, 0.8272, 0.8938, 0.9603, 0.9601, 0.8429, 0.9767, 0.7763]""","""[""nature_032.jpg"", ""social_067.jpg"", ""human_003.jpg"", ""social_116.jpg"", ""nature_022.jpg"", ""nature_048.jpg"", ""human_046.jpg"", ""human_090.jpg"", ""social_038.jpg"", ""social_033.jpg"", ""human_094.jpg"", ""nature_029.jpg""]""",nature_105.jpg,False,new,True,1.2831182000008994,,16,31,24,23,016,/dss/studies/attentional-thief/data/sub-016/beh/attention_thief_ET_sub-016_2026-04-02_09h25.07.304.csv,48.0,52.036934399999154,False
,,time_estimation,4,constant,11,1,18,71.89327239999875,90.0,18.10672760000125,1.2518556604192297,0,,,"[""human_010.jpg""]",human_010.jpg,True,old,True,1.045102100000804,human_010.jpg,16,32,24,23,016,/dss/studies/attentional-thief/data/sub-016/beh/attention_thief_ET_sub-016_2026-04-02_09h25.07.304.csv,90.0,71.89327239999875,False
,,time_estimation,4,constant,11,2,12,52.14590309999949,60.0,7.854096900000513,1.15061771746361,0,,,"[""social_042.jpg""]",social_042.jpg,True,old,True,0.94659750000028,social_042.jpg,16,33,24,23,016,/dss/studies/attentional-thief/data/sub-016/beh/attention_thief_ET_sub-016_2026-04-02_09h25.07.304.csv,60.0,52.14590309999949,False
,,time_estimation,4,constant,11,3,9,41.98742549999952,30.0,-11.987425499999516,0.7144996303714869,0,,,"[""nature_011.jpg""]",nature_049.jpg,False,new,True,1.3887988999995289,nature_011.jpg,16,34,24,23,016,/dss/studies/attentional-thief/data/sub-016/beh/attention_thief_ET_sub-016_2026-04-02_09h25.07.304.csv,30.0,41.98742549999952,False
,,time_estimation,4,passive,12,1,9,41.97358449999956,36.0,-5.9736,0.85768229,0,"""[3.6924, 4.359, 2.3077, 4.5258, 3.4748, 3.1917, 3.5084, 4.0084, 3.9425]""","""[0.7772, 0.8098, 0.81, 0.8101, 0.9271, 0.9769, 0.9599, 0.9437, 0.9274]""","""[""social_021.jpg"", ""human_013.jpg"", ""human_027.jpg"", ""human_066.jpg"", ""social_022.jpg"", ""social_031.jpg"", ""nature_053.jpg"", ""nature_116.jpg"", ""nature_007.jpg""]""",social_031.jpg,True,new,False,0.8887778000007529,,16,35,24,23,016,/dss/studies/attentional-thief/data/sub-016/beh/attention_thief_ET_sub-016_2026-04-02_09h25.07.304.csv,36.0,41.97358449999956,False
,,time_estimation,4,passive,12,2,12,52.32951669999966,60.0,7.6705,1.14658043,0,"""[3.175, 2.6243, 3.9923, 3.6754, 2.3578, 2.5082, 3.0253, 2.5573, 2.524, 4.192, 5.8268, 3.8424]""","""[0.9435, 0.8272, 0.8429, 0.9603, 0.8938, 0.9601, 0.7763, 1.0102, 0.8766, 0.7439, 0.8438, 0.9767]""","""[""social_041.jpg"", ""nature_072.jpg"", ""nature_028.jpg"", ""human_045.jpg"", ""nature_062.jpg"", ""human_086.jpg"", ""social_006.jpg"", ""social_085.jpg"", ""human_088.jpg"", ""nature_037.jpg"", ""social_090.jpg"", ""human_082.jpg""]""",social_026.jpg,False,new,True,1.146631899999193,,16,36,24,23,016,/dss/studies/attentional-thief/data/sub-016/beh/attention_thief_ET_sub-016_2026-04-02_09h25.07.304.csv,60.0,52.32951669999966,False
,,time_estimation,4,passive,12,3,18,72.1276310000012,45.0,-27.1276,0.62389405,0,"""[2.5743, 2.6411, 3.7079, 2.1912, 3.7587, 3.2585, 3.0243, 3.2914, 2.4407, 1.8235, 3.1413, 3.4753, 2.9575, 2.7584, 5.3435, 2.8412, 3.1415, 2.4081]""","""[0.9598, 0.8101, 0.9431, 0.9107, 0.7264, 0.7769, 0.8608, 0.7102, 0.86, 0.7418, 0.9605, 0.8769, 0.7441, 0.8774, 0.9771, 0.9766, 0.9605, 0.7437]""","""[""human_001.jpg"", ""nature_113.jpg"", ""human_110.jpg"", ""nature_099.jpg"", ""human_011.jpg"", ""nature_074.jpg"", ""social_051.jpg"", ""social_054.jpg"", ""nature_066.jpg"", ""nature_009.jpg"", ""human_043.jpg"", ""nature_068.jpg"", ""social_087.jpg"", ""human_102.jpg"", ""human_038.jpg"", ""social_110.jpg"", ""social_013.jpg"", ""social_105.jpg""]""",human_102.jpg,True,old,True,1.333230000000185,,16,37,24,23,016,/dss/studies/attentional-thief/data/sub-016/beh/attention_thief_ET_sub-016_2026-04-02_09h25.07.304.csv,45.0,72.1276310000012,False
,,time_estimation,1,active,1,1,12,86.09175000000005,62.0,-24.091750000000047,0.7201619202769135,0,"""[4.6594, 5.6266, 4.5924, 6.5275, 5.5433, 8.012, 8.7788, 4.626, 6.9114, 6.294, 4.9765, 7.894]""","""[0.8433, 0.9599, 0.8268, 0.8765, 0.96, 0.9268, 0.793, 0.827, 0.8267, 1.0099, 0.7764, 0.9098]""","""[""human_001.jpg"", ""nature_030.jpg"", ""human_079.jpg"", ""nature_114.jpg"", ""social_041.jpg"", ""nature_045.jpg"", ""social_091.jpg"", ""nature_094.jpg"", ""human_092.jpg"", ""social_074.jpg"", ""social_097.jpg"", ""human_038.jpg""]""",human_011.jpg,False,new,True,10.440584699999818,,27,2,24,23,027,/dss/studies/attentional-thief/data/sub-027/beh/attention_thief_ET_sub-027_2026-05-11_13h15.09.714.csv,62.0,86.09175000000005,False
,,time_estimation,1,active,1,2,9,60.3412986000003,54.0,-6.3412986000003,0.894909477470207,0,"""[4.1083, 6.9104, 7.8948, 4.5257, 5.6936, 4.593, 4.776, 5.0761, 8.1115]""","""[0.893, 0.9271, 0.8437, 0.7267, 0.8603, 0.9768, 0.8929, 0.9435, 0.8267]""","""[""nature_001.jpg"", ""social_015.jpg"", ""human_109.jpg"", ""nature_065.jpg"", ""social_086.jpg"", ""human_059.jpg"", ""nature_077.jpg"", ""human_076.jpg"", ""social_107.jpg""]""",social_028.jpg,False,new,True,2.629782599999998,,27,3,24,23,027,/dss/studies/attentional-thief/data/sub-027/beh/attention_thief_ET_sub-027_2026-05-11_13h15.09.714.csv,54.0,60.3412986000003,False
,,time_estimation,1,active,1,3,18,113.1955097,118.0,4.804490299999998,1.0424441774477915,0,"""[9.4796, 4.7266, 5.8439, 4.6428, 6.2272, 3.9925, 5.1262, 6.1606, 6.827, 3.1413, 6.9109, 3.7922, 3.5592, 4.0594, 4.1923, 5.1926, 6.3432, 6.0607]""","""[0.927, 0.9431, 0.9266, 0.7594, 0.7764, 0.7765, 0.7098, 0.8272, 0.843, 0.8105, 0.727, 0.9767, 0.8095, 1.0093, 0.943, 0.8435, 0.7106, 0.894]""","""[""social_073.jpg"", ""nature_091.jpg"", ""nature_090.jpg"", ""social_039.jpg"", ""social_019.jpg"", ""nature_083.jpg"", ""human_068.jpg"", ""human_067.jpg"", ""human_110.jpg"", ""human_023.jpg"", ""social_085.jpg"", ""social_048.jpg"", ""human_005.jpg"", ""nature_069.jpg"", ""nature_102.jpg"", ""social_001.jpg"", ""nature_111.jpg"", ""human_114.jpg""]""",nature_047.jpg,False,new,True,3.1477122999999665,,27,4,24,23,027,/dss/studies/attentional-thief/data/sub-027/beh/attention_thief_ET_sub-027_2026-05-11_13h15.09.714.csv,118.0,113.1955097,False
,,time_estimation,1,constant,2,1,12,86.18605790000038,55.0,-31.18605790000037,0.6381542599826898,0,,,"[""social_118.jpg""]",social_118.jpg,True,old,True,3.662409200000184,social_118.jpg,27,5,24,23,027,/dss/studies/attentional-thief/data/sub-027/beh/attention_thief_ET_sub-027_2026-05-11_13h15.09.714.csv,55.0,86.18605790000038,False
,,time_estimation,1,constant,2,2,9,60.45233550000012,55.0,-5.4523355000001175,0.9098076946919592,0,,,"[""human_120.jpg""]",social_027.jpg,False,new,True,3.0751537000005555,human_120.jpg,27,6,24,23,027,/dss/studies/attentional-thief/data/sub-027/beh/attention_thief_ET_sub-027_2026-05-11_13h15.09.714.csv,55.0,60.45233550000012,False
,,time_estimation,1,constant,2,3,18,113.32179040000028,120.0,6.678209599999718,1.058931380950011,0,,,"[""nature_116.jpg""]",nature_098.jpg,False,new,True,3.389451000000008,nature_116.jpg,27,7,24,23,027,/dss/studies/attentional-thief/data/sub-027/beh/attention_thief_ET_sub-027_2026-05-11_13h15.09.714.csv,120.0,113.32179040000028,False
,,time_estimation,1,passive,3,1,9,60.53533640000023,40.0,-20.53533640000024,0.6607710864228359,0,"""[6.9104, 5.0761, 7.8948, 4.593, 8.1115, 4.776, 5.6936, 4.1083, 4.5257]""","""[0.9271, 0.9435, 0.8437, 0.9768, 0.8267, 0.8929, 0.8603, 0.893, 0.7267]""","""[""nature_005.jpg"", ""social_080.jpg"", ""human_032.jpg"", ""nature_040.jpg"", ""human_053.jpg"", ""social_057.jpg"", ""human_018.jpg"", ""nature_079.jpg"", ""social_062.jpg""]""",social_080.jpg,True,old,True,1.9697119000002203,,27,8,24,23,027,/dss/studies/attentional-thief/data/sub-027/beh/attention_thief_ET_sub-027_2026-05-11_13h15.09.714.csv,40.0,60.53533640000023,False
,,time_estimation,1,passive,3,2,18,113.45538639999997,80.0,-33.45538639999995,0.7051229786301273,0,"""[5.1262, 6.2272, 6.1606, 4.7266, 5.8439, 3.9925, 9.4796, 3.7922, 3.5592, 6.3432, 6.827, 3.1413, 6.9109, 6.0607, 4.0594, 4.1923, 4.6428, 5.1926]""","""[0.7098, 0.7764, 0.8272, 0.9431, 0.9266, 0.7765, 0.927, 0.9767, 0.8095, 0.7106, 0.843, 0.8105, 0.727, 0.894, 1.0093, 0.943, 0.7594, 0.8435]""","""[""human_070.jpg"", ""social_087.jpg"", ""social_119.jpg"", ""human_087.jpg"", ""human_046.jpg"", ""social_005.jpg"", ""social_016.jpg"", ""human_037.jpg"", ""nature_026.jpg"", ""nature_011.jpg"", ""nature_006.jpg"", ""social_049.jpg"", ""social_070.jpg"", ""nature_018.jpg"", ""nature_064.jpg"", ""nature_088.jpg"", ""human_077.jpg"", ""human_117.jpg""]""",nature_018.jpg,True,old,True,2.438294599999608,,27,9,24,23,027,/dss/studies/attentional-thief/data/sub-027/beh/attention_thief_ET_sub-027_2026-05-11_13h15.09.714.csv,80.0,113.45538639999997,False
,,time_estimation,1,passive,3,3,12,86.38587550000011,68.0,-18.38587550000011,0.7871657213221149,0,"""[8.012, 4.6594, 5.6266, 8.7788, 5.5433, 6.9114, 6.5275, 7.894, 4.626, 4.5924, 6.294, 4.9765]""","""[0.9268, 0.8433, 0.9599, 0.793, 0.96, 0.8267, 0.8765, 0.9098, 0.827, 0.8268, 1.0099, 0.7764]""","""[""social_034.jpg"", ""nature_033.jpg"", ""human_045.jpg"", ""human_081.jpg"", ""nature_080.jpg"", ""nature_097.jpg"", ""social_060.jpg"", ""nature_008.jpg"", ""human_035.jpg"", ""social_033.jpg"", ""social_106.jpg"", ""human_065.jpg""]""",social_106.jpg,True,old,True,2.8874099000004207,,27,10,24,23,027,/dss/studies/attentional-thief/data/sub-027/beh/attention_thief_ET_sub-027_2026-05-11_13h15.09.714.csv,68.0,86.38587550000011,False
,,time_estimation,2,active,4,1,9,49.08403229999931,40.0,-9.084032299999308,0.8149289723289618,0,"""[5.2765, 3.5913, 4.7601, 4.4246, 7.4438, 3.2249, 2.4905, 4.3253, 4.7928]""","""[0.8935, 0.8602, 0.7435, 0.8929, 0.9278, 0.8605, 0.7929, 0.9604, 0.9437]""","""[""human_084.jpg"", ""social_023.jpg"", ""human_075.jpg"", ""nature_039.jpg"", ""nature_044.jpg"", ""social_067.jpg"", ""social_099.jpg"", ""nature_024.jpg"", ""human_042.jpg""]""",human_075.jpg,True,old,True,1.5429839999997057,,27,11,24,23,027,/dss/studies/attentional-thief/data/sub-027/beh/attention_thief_ET_sub-027_2026-05-11_13h15.09.714.csv,40.0,49.08403229999931,False
,,time_estimation,2,active,4,2,12,52.10125699999935,40.0,-12.10125699999935,0.767735795702597,0,"""[2.5582, 2.9246, 2.5402, 4.1425, 3.1078, 1.6401, 8.6462, 2.2075, 3.8248, 2.508, 4.1423, 2.0575]""","""[0.9751, 0.8097, 0.9604, 0.8609, 0.9097, 0.8938, 0.9772, 0.876, 0.9604, 0.7938, 0.8933, 0.8434]""","""[""nature_071.jpg"", ""social_003.jpg"", ""human_088.jpg"", ""human_099.jpg"", ""social_054.jpg"", ""nature_067.jpg"", ""nature_038.jpg"", ""human_004.jpg"", ""social_094.jpg"", ""social_065.jpg"", ""nature_053.jpg"", ""human_086.jpg""]""",human_086.jpg,True,old,True,1.162504799999624,,27,12,24,23,027,/dss/studies/attentional-thief/data/sub-027/beh/attention_thief_ET_sub-027_2026-05-11_13h15.09.714.csv,40.0,52.10125699999935,False
,,time_estimation,2,active,4,3,18,71.44852619999983,38.0,-33.44852619999983,0.5318514183711754,0,"""[4.0918, 3.0586, 2.2572, 1.9911, 2.7908, 4.0757, 2.1744, 4.1421, 4.3927, 3.5921, 1.8075, 2.1747, 3.8922, 5.3768, 1.7072, 1.9912, 2.3744, 2.5245]""","""[0.7924, 0.7936, 0.9929, 0.9773, 0.7768, 0.9607, 0.7097, 0.9435, 0.827, 0.8268, 0.9599, 0.9933, 0.7262, 0.76, 0.7264, 0.9936, 0.8762, 0.7431]""","""[""social_103.jpg"", ""human_060.jpg"", ""nature_060.jpg"", ""social_040.jpg"", ""human_008.jpg"", ""social_013.jpg"", ""social_047.jpg"", ""nature_068.jpg"", ""nature_042.jpg"", ""human_101.jpg"", ""human_017.jpg"", ""nature_027.jpg"", ""nature_036.jpg"", ""human_026.jpg"", ""social_046.jpg"", ""nature_015.jpg"", ""social_058.jpg"", ""human_080.jpg""]""",social_040.jpg,True,old,True,1.5915133999997124,,27,13,24,23,027,/dss/studies/attentional-thief/data/sub-027/beh/attention_thief_ET_sub-027_2026-05-11_13h15.09.714.csv,38.0,71.44852619999983,False
,,time_estimation,2,passive,5,1,9,49.16042749999997,30.0,-19.16042749999997,0.6102469308266292,0,"""[3.5913, 7.4438, 4.7601, 4.3253, 5.2765, 2.4905, 4.4246, 4.7928, 3.2249]""","""[0.8602, 0.9278, 0.7435, 0.9604, 0.8935, 0.7929, 0.8929, 0.9437, 0.8605]""","""[""social_030.jpg"", ""nature_004.jpg"", ""human_029.jpg"", ""human_007.jpg"", ""nature_078.jpg"", ""social_022.jpg"", ""nature_022.jpg"", ""social_095.jpg"", ""human_034.jpg""]""",social_098.jpg,False,new,True,3.2685135000001537,,27,14,24,23,027,/dss/studies/attentional-thief/data/sub-027/beh/attention_thief_ET_sub-027_2026-05-11_13h15.09.714.csv,30.0,49.16042749999997,False
,,time_estimation,2,passive,5,2,12,52.36264610000035,40.0,-12.362646100000347,0.7639033352823577,0,"""[3.8248, 2.9246, 2.2075, 2.508, 4.1423, 1.6401, 2.5582, 3.1078, 8.6462, 2.5402, 4.1425, 2.0575]""","""[0.9604, 0.8097, 0.876, 0.7938, 0.8933, 0.8938, 0.9751, 0.9097, 0.9772, 0.9604, 0.8609, 0.8434]""","""[""social_101.jpg"", ""social_061.jpg"", ""human_062.jpg"", ""nature_007.jpg"", ""nature_101.jpg"", ""human_112.jpg"", ""human_107.jpg"", ""social_008.jpg"", ""nature_112.jpg"", ""nature_009.jpg"", ""social_068.jpg"", ""human_118.jpg""]""",nature_054.jpg,False,new,True,1.6299724999998944,,27,15,24,23,027,/dss/studies/attentional-thief/data/sub-027/beh/attention_thief_ET_sub-027_2026-05-11_13h15.09.714.csv,40.0,52.36264610000035,False
,,time_estimation,2,passive,5,3,18,71.70997349999925,50.0,-21.70997349999925,0.6972530815396344,0,"""[2.1747, 1.7072, 3.5921, 2.1744, 1.9911, 5.3768, 3.0586, 2.7908, 2.3744, 1.9912, 2.2572, 2.5245, 4.0918, 4.3927, 1.8075, 4.0757, 3.8922, 4.1421]""","""[0.9933, 0.7264, 0.8268, 0.7097, 0.9773, 0.76, 0.7936, 0.7768, 0.8762, 0.9936, 0.9929, 0.7431, 0.7924, 0.827, 0.9599, 0.9607, 0.7262, 0.9435]""","""[""social_004.jpg"", ""nature_055.jpg"", ""human_020.jpg"", ""human_057.jpg"", ""social_077.jpg"", ""nature_012.jpg"", ""social_113.jpg"", ""social_111.jpg"", ""human_097.jpg"", ""nature_074.jpg"", ""social_104.jpg"", ""human_039.jpg"", ""nature_117.jpg"", ""human_040.jpg"", ""nature_105.jpg"", ""social_029.jpg"", ""nature_046.jpg"", ""human_115.jpg""]""",social_032.jpg,False,new,True,3.6716317999998864,,27,16,24,23,027,/dss/studies/attentional-thief/data/sub-027/beh/attention_thief_ET_sub-027_2026-05-11_13h15.09.714.csv,50.0,71.70997349999925,False
,,time_estimation,2,constant,6,1,9,49.1945252000005,35.0,-14.194525200000498,0.7114612826876038,0,,,"[""nature_103.jpg""]",human_022.jpg,False,new,True,2.227938500000164,nature_103.jpg,27,17,24,23,027,/dss/studies/attentional-thief/data/sub-027/beh/attention_thief_ET_sub-027_2026-05-11_13h15.09.714.csv,35.0,49.1945252000005,False
,,time_estimation,2,constant,6,2,18,71.55904069999997,57.0,-14.559040699999969,0.7965450548584565,0,,,"[""human_019.jpg""]",human_019.jpg,True,old,True,2.0319877000001725,human_019.jpg,27,18,24,23,027,/dss/studies/attentional-thief/data/sub-027/beh/attention_thief_ET_sub-027_2026-05-11_13h15.09.714.csv,57.0,71.55904069999997,False
,,time_estimation,2,constant,6,3,12,52.18014210000001,59.0,6.819857899999988,1.1306983389759682,0,,,"[""social_078.jpg""]",social_038.jpg,False,new,True,1.1856756999995923,social_078.jpg,27,19,24,23,027,/dss/studies/attentional-thief/data/sub-027/beh/attention_thief_ET_sub-027_2026-05-11_13h15.09.714.csv,59.0,52.18014210000001,False
,,time_estimation,3,active,7,1,18,68.94658569999956,55.5,-13.44658569999956,0.8049709704479298,0,"""[5.7935, 3.6087, 1.9571, 2.124, 2.325, 2.3577, 2.4081, 4.1093, 3.4756, 2.4747, 2.8077, 1.7402, 1.9416, 2.7082, 2.1907, 2.9585, 4.2759, 2.0743]""","""[0.8089, 0.9434, 0.7602, 0.7438, 0.8438, 0.93, 0.9102, 0.8094, 0.9597, 0.9762, 1.0099, 0.9603, 0.8271, 0.8094, 0.8595, 0.9772, 0.9765, 0.8432]""","""[""social_089.jpg"", ""human_066.jpg"", ""nature_034.jpg"", ""human_111.jpg"", ""human_119.jpg"", ""social_100.jpg"", ""social_083.jpg"", ""nature_109.jpg"", ""human_015.jpg"", ""nature_081.jpg"", ""social_116.jpg"", ""human_100.jpg"", ""nature_072.jpg"", ""human_094.jpg"", ""nature_052.jpg"", ""nature_076.jpg"", ""social_018.jpg"", ""social_069.jpg""]""",social_089.jpg,True,old,True,4.431996799999979,,27,20,24,23,027,/dss/studies/attentional-thief/data/sub-027/beh/attention_thief_ET_sub-027_2026-05-11_13h15.09.714.csv,55.5,68.94658569999956,False
,,time_estimation,3,active,7,2,12,32.921492399999806,30.0,-2.9214923999998064,0.9112588103691246,0,"""[1.9407, 1.4067, 1.7074, 1.9242, 1.8408, 2.0743, 2.4416, 1.741, 1.941, 1.5072, 1.0906, 1.89]""","""[0.7261, 0.9437, 0.9102, 0.7099, 0.9768, 0.9769, 0.8765, 0.7261, 0.9599, 0.7599, 0.8264, 1.0099]""","""[""nature_028.jpg"", ""human_049.jpg"", ""social_002.jpg"", ""human_058.jpg"", ""nature_058.jpg"", ""nature_025.jpg"", ""social_011.jpg"", ""nature_050.jpg"", ""human_055.jpg"", ""human_113.jpg"", ""social_117.jpg"", ""social_063.jpg""]""",social_063.jpg,True,old,True,1.6465299000001323,,27,21,24,23,027,/dss/studies/attentional-thief/data/sub-027/beh/attention_thief_ET_sub-027_2026-05-11_13h15.09.714.csv,30.0,32.921492399999806,False
,,time_estimation,3,active,7,3,9,31.20452429999932,38.0,6.795475700000679,1.2177721292806514,0,"""[2.8077, 1.2074, 3.5421, 1.4902, 2.0077, 3.3086, 3.6084, 1.8408, 3.0081]""","""[0.7264, 0.9604, 0.8094, 0.743, 0.9101, 0.8098, 0.7599, 0.9438, 0.9266]""","""[""social_024.jpg"", ""nature_010.jpg"", ""nature_032.jpg"", ""nature_113.jpg"", ""human_116.jpg"", ""social_105.jpg"", ""human_051.jpg"", ""social_020.jpg"", ""human_061.jpg""]""",human_028.jpg,False,new,True,1.2921737000006033,,27,22,24,23,027,/dss/studies/attentional-thief/data/sub-027/beh/attention_thief_ET_sub-027_2026-05-11_13h15.09.714.csv,38.0,31.20452429999932,False
,,time_estimation,3,constant,8,1,18,69.02417869999954,35.0,-34.02417869999954,0.5070686918582666,0,,,"[""human_009.jpg""]",human_009.jpg,True,old,True,2.0305978999995205,human_009.jpg,27,23,24,23,027,/dss/studies/attentional-thief/data/sub-027/beh/attention_thief_ET_sub-027_2026-05-11_13h15.09.714.csv,35.0,69.02417869999954,False
,,time_estimation,3,constant,8,2,12,33.03272740000011,30.0,-3.0327274000001125,0.9081902210714788,0,,,"[""social_017.jpg""]",social_017.jpg,True,old,True,2.0757542999999714,social_017.jpg,27,24,24,23,027,/dss/studies/attentional-thief/data/sub-027/beh/attention_thief_ET_sub-027_2026-05-11_13h15.09.714.csv,30.0,33.03272740000011,False
,,time_estimation,3,constant,8,3,9,31.315417900000284,30.0,-1.315417900000284,0.9579945602450264,0,,,"[""nature_075.jpg""]",social_110.jpg,False,new,True,1.4422977000003812,nature_075.jpg,27,25,24,23,027,/dss/studies/attentional-thief/data/sub-027/beh/attention_thief_ET_sub-027_2026-05-11_13h15.09.714.csv,30.0,31.315417900000284,False
,,time_estimation,3,passive,9,1,12,33.150465700000495,15.0,-18.15046570000049,0.4524823311908941,0,"""[1.0906, 1.9242, 1.5072, 1.89, 1.7074, 1.9407, 1.941, 1.741, 2.4416, 1.4067, 1.8408, 2.0743]""","""[0.8264, 0.7099, 0.7599, 1.0099, 0.9102, 0.7261, 0.9599, 0.7261, 0.8765, 0.9437, 0.9768, 0.9769]""","""[""social_115.jpg"", ""nature_051.jpg"", ""nature_059.jpg"", ""social_025.jpg"", ""human_106.jpg"", ""social_035.jpg"", ""nature_086.jpg"", ""nature_110.jpg"", ""social_012.jpg"", ""human_103.jpg"", ""human_003.jpg"", ""human_041.jpg""]""",social_035.jpg,True,old,True,1.6593066999994337,,27,26,24,23,027,/dss/studies/attentional-thief/data/sub-027/beh/attention_thief_ET_sub-027_2026-05-11_13h15.09.714.csv,15.0,33.150465700000495,False
,,time_estimation,3,passive,9,2,18,69.15796049999972,45.5,-23.65796049999972,0.657914138459884,0,"""[2.1907, 2.124, 2.8077, 2.9585, 5.7935, 2.4081, 4.2759, 3.6087, 2.4747, 2.7082, 1.9416, 4.1093, 3.4756, 1.7402, 2.0743, 2.3577, 2.325, 1.9571]""","""[0.8595, 0.7438, 1.0099, 0.9772, 0.8089, 0.9102, 0.9765, 0.9434, 0.9762, 0.8094, 0.8271, 0.8094, 0.9597, 0.9603, 0.8432, 0.93, 0.8438, 0.7602]""","""[""social_108.jpg"", ""human_006.jpg"", ""human_108.jpg"", ""human_063.jpg"", ""social_037.jpg"", ""human_098.jpg"", ""social_053.jpg"", ""social_114.jpg"", ""nature_118.jpg"", ""nature_120.jpg"", ""nature_093.jpg"", ""nature_037.jpg"", ""social_088.jpg"", ""nature_016.jpg"", ""human_036.jpg"", ""social_036.jpg"", ""nature_096.jpg"", ""human_105.jpg""]""",human_108.jpg,True,old,True,2.491701400000238,,27,27,24,23,027,/dss/studies/attentional-thief/data/sub-027/beh/attention_thief_ET_sub-027_2026-05-11_13h15.09.714.csv,45.5,69.15796049999972,False
,,time_estimation,3,passive,9,3,9,31.44856180000079,12.0,-19.44856180000079,0.3815754779603212,0,"""[2.8077, 1.8408, 2.0077, 3.3086, 3.6084, 3.5421, 1.2074, 3.0081, 1.4902]""","""[0.7264, 0.9438, 0.9101, 0.8098, 0.7599, 0.8094, 0.9604, 0.9266, 0.743]""","""[""human_024.jpg"", ""nature_023.jpg"", ""social_007.jpg"", ""human_021.jpg"", ""social_006.jpg"", ""social_014.jpg"", ""nature_049.jpg"", ""human_083.jpg"", ""nature_013.jpg""]""",nature_029.jpg,False,new,True,1.7508378999991692,,27,28,24,23,027,/dss/studies/attentional-thief/data/sub-027/beh/attention_thief_ET_sub-027_2026-05-11_13h15.09.714.csv,12.0,31.44856180000079,False
,,time_estimation,4,active,10,1,18,56.92278859999988,25.0,-31.92278859999988,0.439191413753051,0,"""[2.4915, 4.6431, 4.7755, 1.958, 3.3753, 1.0737, 1.5408, 1.8077, 2.0071, 1.8747, 1.5234, 3.8253, 2.4741, 1.1404, 1.1235, 1.224, 1.7743, 1.5239]""","""[0.8602, 0.8598, 0.7266, 0.7439, 0.8429, 0.8932, 0.9099, 0.9766, 0.9265, 0.7435, 0.8762, 0.7772, 0.7936, 0.9439, 0.7933, 0.8268, 0.7932, 0.7598]""","""[""human_072.jpg"", ""human_102.jpg"", ""human_074.jpg"", ""social_093.jpg"", ""social_021.jpg"", ""nature_082.jpg"", ""social_102.jpg"", ""human_016.jpg"", ""human_033.jpg"", ""social_052.jpg"", ""human_096.jpg"", ""nature_041.jpg"", ""social_026.jpg"", ""nature_084.jpg"", ""nature_087.jpg"", ""nature_119.jpg"", ""social_009.jpg"", ""nature_061.jpg""]""",nature_002.jpg,False,new,True,3.542526799999905,,27,29,24,23,027,/dss/studies/attentional-thief/data/sub-027/beh/attention_thief_ET_sub-027_2026-05-11_13h15.09.714.csv,25.0,56.92278859999988,False
,,time_estimation,4,active,10,2,9,29.71979350000037,20.0,-9.719793500000378,0.6729521858891699,0,"""[4.9091, 1.9744, 1.3739, 2.7417, 1.6402, 2.1403, 1.64, 2.5579, 1.7905]""","""[0.9429, 0.8772, 0.9766, 0.7437, 0.9763, 0.7269, 0.9604, 0.9773, 0.9269]""","""[""social_064.jpg"", ""nature_104.jpg"", ""human_025.jpg"", ""social_081.jpg"", ""social_082.jpg"", ""nature_017.jpg"", ""nature_089.jpg"", ""human_012.jpg"", ""human_047.jpg""]""",social_081.jpg,True,old,True,1.567024100000708,,27,30,24,23,027,/dss/studies/attentional-thief/data/sub-027/beh/attention_thief_ET_sub-027_2026-05-11_13h15.09.714.csv,20.0,29.71979350000037,False
,,time_estimation,4,active,10,3,12,40.04463200000009,23.0,-17.044632000000092,0.5743591300826525,0,"""[1.7907, 1.9069, 1.6238, 2.1577, 3.4077, 3.0909, 3.1246, 1.624, 2.4739, 4.0082, 1.9905, 1.9409]""","""[0.977, 0.7767, 0.7606, 0.7435, 0.7602, 1.0105, 0.8605, 0.827, 0.71, 0.9435, 0.7437, 0.8436]""","""[""human_048.jpg"", ""social_056.jpg"", ""human_030.jpg"", ""nature_003.jpg"", ""nature_043.jpg"", ""human_010.jpg"", ""social_050.jpg"", ""nature_062.jpg"", ""human_082.jpg"", ""social_055.jpg"", ""nature_070.jpg"", ""social_092.jpg""]""",nature_062.jpg,True,old,True,1.4607130000003965,,27,31,24,23,027,/dss/studies/attentional-thief/data/sub-027/beh/attention_thief_ET_sub-027_2026-05-11_13h15.09.714.csv,23.0,40.04463200000009,False
,,time_estimation,4,passive,11,1,9,29.847795499999847,22.0,-7.847795499999847,0.7370728602050397,0,"""[2.5579, 1.3739, 2.7417, 2.1403, 1.9744, 4.9091, 1.64, 1.7905, 1.6402]""","""[0.9773, 0.9766, 0.7437, 0.7269, 0.8772, 0.9429, 0.9604, 0.9269, 0.9763]""","""[""nature_106.jpg"", ""human_073.jpg"", ""nature_020.jpg"", ""nature_085.jpg"", ""human_013.jpg"", ""social_120.jpg"", ""social_010.jpg"", ""human_090.jpg"", ""social_109.jpg""]""",human_091.jpg,False,new,True,3.0728021000004446,,27,32,24,23,027,/dss/studies/attentional-thief/data/sub-027/beh/attention_thief_ET_sub-027_2026-05-11_13h15.09.714.csv,22.0,29.847795499999847,False
,,time_estimation,4,passive,11,2,12,40.40484980000019,35.0,-5.404849800000193,0.8662326471511802,0,"""[1.9069, 2.1577, 1.624, 1.9409, 3.1246, 1.6238, 1.9905, 4.0082, 3.0909, 2.4739, 3.4077, 1.7907]""","""[0.7767, 0.7435, 0.827, 0.8436, 0.8605, 0.7606, 0.7437, 0.9435, 1.0105, 0.71, 0.7602, 0.977]""","""[""social_059.jpg"", ""social_075.jpg"", ""human_044.jpg"", ""social_090.jpg"", ""human_031.jpg"", ""nature_048.jpg"", ""human_071.jpg"", ""nature_115.jpg"", ""nature_031.jpg"", ""human_069.jpg"", ""nature_057.jpg"", ""social_084.jpg""]""",nature_057.jpg,True,old,True,1.648397400000249,,27,33,24,23,027,/dss/studies/attentional-thief/data/sub-027/beh/attention_thief_ET_sub-027_2026-05-11_13h15.09.714.csv,35.0,40.40484980000019,False
,,time_estimation,4,passive,11,3,18,57.13305420000052,40.0,-17.133054200000515,0.7001201066544704,0,"""[1.8747, 2.0071, 1.1404, 1.0737, 1.8077, 1.224, 1.5408, 3.3753, 1.7743, 1.1235, 2.4741, 4.7755, 2.4915, 3.8253, 1.5234, 1.958, 4.6431, 1.5239]""","""[0.7435, 0.9265, 0.9439, 0.8932, 0.9766, 0.8268, 0.9099, 0.8429, 0.7932, 0.7933, 0.7936, 0.7266, 0.8602, 0.7772, 0.8762, 0.7439, 0.8598, 0.7598]""","""[""human_050.jpg"", ""human_014.jpg"", ""nature_100.jpg"", ""nature_073.jpg"", ""nature_107.jpg"", ""human_064.jpg"", ""social_076.jpg"", ""nature_099.jpg"", ""social_112.jpg"", ""nature_021.jpg"", ""social_051.jpg"", ""human_002.jpg"", ""nature_019.jpg"", ""social_071.jpg"", ""social_043.jpg"", ""human_093.jpg"", ""human_089.jpg"", ""social_044.jpg""]""",human_043.jpg,False,new,True,2.264270100000431,,27,34,24,23,027,/dss/studies/attentional-thief/data/sub-027/beh/attention_thief_ET_sub-027_2026-05-11_13h15.09.714.csv,40.0,57.13305420000052,False
,,time_estimation,4,constant,12,1,12,40.15298609999991,50.0,9.847013900000093,1.2452373996662758,0,,,"[""social_096.jpg""]",human_054.jpg,False,new,True,1.567508099999941,social_096.jpg,27,35,24,23,027,/dss/studies/attentional-thief/data/sub-027/beh/attention_thief_ET_sub-027_2026-05-11_13h15.09.714.csv,50.0,40.15298609999991,False
,,time_estimation,4,constant,12,2,18,57.03273910000007,55.0,-2.032739100000072,0.9643583820086932,0,,,"[""human_095.jpg""]",nature_092.jpg,False,new,True,5.708664600000702,human_095.jpg,27,36,24,23,027,/dss/studies/attentional-thief/data/sub-027/beh/attention_thief_ET_sub-027_2026-05-11_13h15.09.714.csv,55.0,57.03273910000007,False
,,time_estimation,4,constant,12,3,9,29.8482539000006,35.0,5.1517460999994,1.1725979052998907,0,,,"[""nature_035.jpg""]",nature_035.jpg,True,old,True,1.423947600000247,nature_035.jpg,27,37,24,23,027,/dss/studies/attentional-thief/data/sub-027/beh/attention_thief_ET_sub-027_2026-05-11_13h15.09.714.csv,35.0,29.8482539000006,False
