subject,condition,cluster,window,n,mean_amp_uv
001,active,occipital,lambda,901,5.703785
001,active,occipital,N1_frp,901,-1.515551
001,active,occipital,P2_frp,901,-1.238263
001,active,occipital,Late_frp,901,-1.950511
001,active,posterior,lambda,901,3.92165
001,active,posterior,N1_frp,901,-0.871011
001,active,posterior,P2_frp,901,-1.099654
001,active,posterior,Late_frp,901,-1.69042
001,active,parietal,lambda,901,1.473194
001,active,parietal,N1_frp,901,-0.396589
001,active,parietal,P2_frp,901,-1.410881
001,active,parietal,Late_frp,901,-1.685525
001,active,frontal,lambda,901,-3.006614
001,active,frontal,N1_frp,901,0.638009
001,active,frontal,P2_frp,901,-0.716248
001,active,frontal,Late_frp,901,-0.039642
001,passive,occipital,lambda,599,6.444947
001,passive,occipital,N1_frp,599,-1.263652
001,passive,occipital,P2_frp,599,-0.206027
001,passive,occipital,Late_frp,599,-1.156931
001,passive,posterior,lambda,599,4.455296
001,passive,posterior,N1_frp,599,-0.7194
001,passive,posterior,P2_frp,599,-0.31583
001,passive,posterior,Late_frp,599,-1.051223
001,passive,parietal,lambda,599,2.007172
001,passive,parietal,N1_frp,599,-0.161261
001,passive,parietal,P2_frp,599,-0.636801
001,passive,parietal,Late_frp,599,-0.781418
001,passive,frontal,lambda,599,-1.808505
001,passive,frontal,N1_frp,599,1.443631
001,passive,frontal,P2_frp,599,0.139395
001,passive,frontal,Late_frp,599,1.637306
001,constant,occipital,lambda,862,5.595642
001,constant,occipital,N1_frp,862,-0.658269
001,constant,occipital,P2_frp,862,0.551451
001,constant,occipital,Late_frp,862,-0.219118
001,constant,posterior,lambda,862,3.902087
001,constant,posterior,N1_frp,862,-0.148051
001,constant,posterior,P2_frp,862,0.538963
001,constant,posterior,Late_frp,862,0.038809
001,constant,parietal,lambda,862,1.502027
001,constant,parietal,N1_frp,862,0.185004
001,constant,parietal,P2_frp,862,0.135418
001,constant,parietal,Late_frp,862,0.209715
001,constant,frontal,lambda,862,-2.353908
001,constant,frontal,N1_frp,862,1.07056
001,constant,frontal,P2_frp,862,-0.021163
001,constant,frontal,Late_frp,862,1.602832
002,active,occipital,lambda,957,5.643758
002,active,occipital,N1_frp,957,-0.844594
002,active,occipital,P2_frp,957,0.15757
002,active,occipital,Late_frp,957,0.109487
002,active,posterior,lambda,957,3.065258
002,active,posterior,N1_frp,957,-0.16225
002,active,posterior,P2_frp,957,0.091023
002,active,posterior,Late_frp,957,0.297177
002,active,parietal,lambda,957,0.453017
002,active,parietal,N1_frp,957,-0.175191
002,active,parietal,P2_frp,957,-0.535347
002,active,parietal,Late_frp,957,0.326751
002,active,frontal,lambda,957,-1.245922
002,active,frontal,N1_frp,957,0.29356
002,active,frontal,P2_frp,957,-0.212045
002,active,frontal,Late_frp,957,1.028918
002,passive,occipital,lambda,718,5.703832
002,passive,occipital,N1_frp,718,0.121283
002,passive,occipital,P2_frp,718,1.266615
002,passive,occipital,Late_frp,718,1.586397
002,passive,posterior,lambda,718,3.305987
002,passive,posterior,N1_frp,718,0.593367
002,passive,posterior,P2_frp,718,0.995594
002,passive,posterior,Late_frp,718,1.6562
002,passive,parietal,lambda,718,1.140506
002,passive,parietal,N1_frp,718,0.842322
002,passive,parietal,P2_frp,718,0.740321
002,passive,parietal,Late_frp,718,2.264126
002,passive,frontal,lambda,718,-0.914214
002,passive,frontal,N1_frp,718,0.536526
002,passive,frontal,P2_frp,718,0.308266
002,passive,frontal,Late_frp,718,2.029057
002,constant,occipital,lambda,939,4.079293
002,constant,occipital,N1_frp,939,0.478418
002,constant,occipital,P2_frp,939,0.837495
002,constant,occipital,Late_frp,939,0.683381
002,constant,posterior,lambda,939,2.085069
002,constant,posterior,N1_frp,939,0.387707
002,constant,posterior,P2_frp,939,0.432305
002,constant,posterior,Late_frp,939,0.558591
002,constant,parietal,lambda,939,0.314655
002,constant,parietal,N1_frp,939,-0.057493
002,constant,parietal,P2_frp,939,-0.084075
002,constant,parietal,Late_frp,939,0.737705
002,constant,frontal,lambda,939,-1.072353
002,constant,frontal,N1_frp,939,-0.352168
002,constant,frontal,P2_frp,939,-0.370797
002,constant,frontal,Late_frp,939,0.937004
003,active,occipital,lambda,406,4.559198
003,active,occipital,N1_frp,406,-0.975445
003,active,occipital,P2_frp,406,-0.519233
003,active,occipital,Late_frp,406,-1.228449
003,active,posterior,lambda,406,3.204735
003,active,posterior,N1_frp,406,1.047825
003,active,posterior,P2_frp,406,1.169775
003,active,posterior,Late_frp,406,1.845338
003,active,parietal,lambda,406,0.250013
003,active,parietal,N1_frp,406,0.736581
003,active,parietal,P2_frp,406,0.156894
003,active,parietal,Late_frp,406,1.432623
003,active,frontal,lambda,406,-2.372761
003,active,frontal,N1_frp,406,-0.569797
003,active,frontal,P2_frp,406,-0.336474
003,active,frontal,Late_frp,406,1.196257
003,passive,occipital,lambda,576,3.693926
003,passive,occipital,N1_frp,576,-1.489486
003,passive,occipital,P2_frp,576,-1.629335
003,passive,occipital,Late_frp,576,-2.064714
003,passive,posterior,lambda,576,1.911599
003,passive,posterior,N1_frp,576,0.265385
003,passive,posterior,P2_frp,576,-0.420363
003,passive,posterior,Late_frp,576,-0.109056
003,passive,parietal,lambda,576,-0.276013
003,passive,parietal,N1_frp,576,0.998375
003,passive,parietal,P2_frp,576,-0.209443
003,passive,parietal,Late_frp,576,0.948962
003,passive,frontal,lambda,576,-2.686644
003,passive,frontal,N1_frp,576,-0.375527
003,passive,frontal,P2_frp,576,-0.935908
003,passive,frontal,Late_frp,576,0.039275
003,constant,occipital,lambda,995,3.466452
003,constant,occipital,N1_frp,995,-0.913827
003,constant,occipital,P2_frp,995,-0.755839
003,constant,occipital,Late_frp,995,-0.99447
003,constant,posterior,lambda,995,1.445441
003,constant,posterior,N1_frp,995,0.198944
003,constant,posterior,P2_frp,995,-0.352269
003,constant,posterior,Late_frp,995,-0.1741
003,constant,parietal,lambda,995,-1.088408
003,constant,parietal,N1_frp,995,0.226551
003,constant,parietal,P2_frp,995,-0.944601
003,constant,parietal,Late_frp,995,-0.361644
003,constant,frontal,lambda,995,-2.436124
003,constant,frontal,N1_frp,995,-0.157664
003,constant,frontal,P2_frp,995,-0.629925
003,constant,frontal,Late_frp,995,0.153338
004,active,occipital,lambda,3345,4.077802
004,active,occipital,N1_frp,3345,-0.767026
004,active,occipital,P2_frp,3345,0.331657
004,active,occipital,Late_frp,3345,-0.237265
004,active,posterior,lambda,3345,1.923886
004,active,posterior,N1_frp,3345,-0.221982
004,active,posterior,P2_frp,3345,0.262343
004,active,posterior,Late_frp,3345,-0.32259
004,active,parietal,lambda,3345,-0.148164
004,active,parietal,N1_frp,3345,0.147697
004,active,parietal,P2_frp,3345,0.017599
004,active,parietal,Late_frp,3345,-0.166608
004,active,frontal,lambda,3345,-1.228793
004,active,frontal,N1_frp,3345,0.331355
004,active,frontal,P2_frp,3345,-0.152005
004,active,frontal,Late_frp,3345,0.28581
004,passive,occipital,lambda,2646,3.806572
004,passive,occipital,N1_frp,2646,-0.595846
004,passive,occipital,P2_frp,2646,0.510357
004,passive,occipital,Late_frp,2646,-0.18863
004,passive,posterior,lambda,2646,1.798837
004,passive,posterior,N1_frp,2646,-0.124824
004,passive,posterior,P2_frp,2646,0.465635
004,passive,posterior,Late_frp,2646,-0.258888
004,passive,parietal,lambda,2646,-0.160001
004,passive,parietal,N1_frp,2646,0.180323
004,passive,parietal,P2_frp,2646,0.18292
004,passive,parietal,Late_frp,2646,-0.051136
004,passive,frontal,lambda,2646,-1.116517
004,passive,frontal,N1_frp,2646,0.297642
004,passive,frontal,P2_frp,2646,-0.105386
004,passive,frontal,Late_frp,2646,0.410758
004,constant,occipital,lambda,2015,3.333204
004,constant,occipital,N1_frp,2015,0.303846
004,constant,occipital,P2_frp,2015,1.096771
004,constant,occipital,Late_frp,2015,0.1414
004,constant,posterior,lambda,2015,1.6003
004,constant,posterior,N1_frp,2015,0.455926
004,constant,posterior,P2_frp,2015,0.981817
004,constant,posterior,Late_frp,2015,0.064633
004,constant,parietal,lambda,2015,-0.173991
004,constant,parietal,N1_frp,2015,0.06313
004,constant,parietal,P2_frp,2015,0.322273
004,constant,parietal,Late_frp,2015,0.003142
004,constant,frontal,lambda,2015,-1.04957
004,constant,frontal,N1_frp,2015,-0.340951
004,constant,frontal,P2_frp,2015,-0.39733
004,constant,frontal,Late_frp,2015,0.06751
005,active,occipital,lambda,1014,4.718286
005,active,occipital,N1_frp,1014,-0.9515
005,active,occipital,P2_frp,1014,-0.84211
005,active,occipital,Late_frp,1014,-2.115577
005,active,posterior,lambda,1014,1.648055
005,active,posterior,N1_frp,1014,0.623792
005,active,posterior,P2_frp,1014,-1.100353
005,active,posterior,Late_frp,1014,-1.778916
005,active,parietal,lambda,1014,-0.847629
005,active,parietal,N1_frp,1014,1.139169
005,active,parietal,P2_frp,1014,-0.56627
005,active,parietal,Late_frp,1014,-0.097226
005,active,frontal,lambda,1014,-1.748961
005,active,frontal,N1_frp,1014,1.070543
005,active,frontal,P2_frp,1014,0.328425
005,active,frontal,Late_frp,1014,1.814664
005,passive,occipital,lambda,1132,4.748438
005,passive,occipital,N1_frp,1132,-0.801778
005,passive,occipital,P2_frp,1132,-0.223715
005,passive,occipital,Late_frp,1132,-1.561314
005,passive,posterior,lambda,1132,1.727758
005,passive,posterior,N1_frp,1132,0.804882
005,passive,posterior,P2_frp,1132,-0.538659
005,passive,posterior,Late_frp,1132,-1.362231
005,passive,parietal,lambda,1132,-0.641578
005,passive,parietal,N1_frp,1132,1.253712
005,passive,parietal,P2_frp,1132,-0.210879
005,passive,parietal,Late_frp,1132,0.091716
005,passive,frontal,lambda,1132,-1.702354
005,passive,frontal,N1_frp,1132,0.649457
005,passive,frontal,P2_frp,1132,0.447719
005,passive,frontal,Late_frp,1132,1.790988
005,constant,occipital,lambda,1169,3.174676
005,constant,occipital,N1_frp,1169,0.253805
005,constant,occipital,P2_frp,1169,0.70101
005,constant,occipital,Late_frp,1169,-1.026278
005,constant,posterior,lambda,1169,0.814112
005,constant,posterior,N1_frp,1169,1.264016
005,constant,posterior,P2_frp,1169,0.291629
005,constant,posterior,Late_frp,1169,-0.860308
005,constant,parietal,lambda,1169,-1.183918
005,constant,parietal,N1_frp,1169,0.763759
005,constant,parietal,P2_frp,1169,-0.449199
005,constant,parietal,Late_frp,1169,-0.572482
005,constant,frontal,lambda,1169,-1.622814
005,constant,frontal,N1_frp,1169,-0.042714
005,constant,frontal,P2_frp,1169,-0.533631
005,constant,frontal,Late_frp,1169,0.619812
006,active,occipital,lambda,423,2.436713
006,active,occipital,N1_frp,423,-0.787661
006,active,occipital,P2_frp,423,-0.720803
006,active,occipital,Late_frp,423,-1.506243
006,active,posterior,lambda,423,0.417742
006,active,posterior,N1_frp,423,-0.255127
006,active,posterior,P2_frp,423,-0.673998
006,active,posterior,Late_frp,423,-1.328669
006,active,parietal,lambda,423,-1.60234
006,active,parietal,N1_frp,423,0.184025
006,active,parietal,P2_frp,423,-0.520604
006,active,parietal,Late_frp,423,-0.426627
006,active,frontal,lambda,423,-1.71311
006,active,frontal,N1_frp,423,0.488813
006,active,frontal,P2_frp,423,-0.050129
006,active,frontal,Late_frp,423,0.992327
006,passive,occipital,lambda,446,1.890611
006,passive,occipital,N1_frp,446,-0.934184
006,passive,occipital,P2_frp,446,-1.157819
006,passive,occipital,Late_frp,446,-1.608678
006,passive,posterior,lambda,446,0.362054
006,passive,posterior,N1_frp,446,-0.361454
006,passive,posterior,P2_frp,446,-0.979089
006,passive,posterior,Late_frp,446,-1.398305
006,passive,parietal,lambda,446,-1.344904
006,passive,parietal,N1_frp,446,0.018907
006,passive,parietal,P2_frp,446,-0.771992
006,passive,parietal,Late_frp,446,-0.73899
006,passive,frontal,lambda,446,-1.720921
006,passive,frontal,N1_frp,446,0.358236
006,passive,frontal,P2_frp,446,-0.178845
006,passive,frontal,Late_frp,446,0.116608
006,constant,occipital,lambda,491,0.619081
006,constant,occipital,N1_frp,491,-0.473507
006,constant,occipital,P2_frp,491,-0.637195
006,constant,occipital,Late_frp,491,-1.317296
006,constant,posterior,lambda,491,-0.087137
006,constant,posterior,N1_frp,491,-0.214666
006,constant,posterior,P2_frp,491,-0.566816
006,constant,posterior,Late_frp,491,-1.146264
006,constant,parietal,lambda,491,-1.033732
006,constant,parietal,N1_frp,491,-0.244353
006,constant,parietal,P2_frp,491,-0.764071
006,constant,parietal,Late_frp,491,-1.258242
006,constant,frontal,lambda,491,-1.092112
006,constant,frontal,N1_frp,491,-0.466214
006,constant,frontal,P2_frp,491,-0.814295
006,constant,frontal,Late_frp,491,-0.968091
007,active,occipital,lambda,879,2.740109
007,active,occipital,N1_frp,879,-0.640382
007,active,occipital,P2_frp,879,-1.285622
007,active,occipital,Late_frp,879,-1.484144
007,active,posterior,lambda,879,1.082383
007,active,posterior,N1_frp,879,0.095099
007,active,posterior,P2_frp,879,-1.188979
007,active,posterior,Late_frp,879,-1.251132
007,active,parietal,lambda,879,-0.883207
007,active,parietal,N1_frp,879,0.243778
007,active,parietal,P2_frp,879,-0.864386
007,active,parietal,Late_frp,879,-0.385051
007,active,frontal,lambda,879,-3.886211
007,active,frontal,N1_frp,879,-1.571357
007,active,frontal,P2_frp,879,-0.562799
007,active,frontal,Late_frp,879,1.108751
007,passive,occipital,lambda,671,2.813902
007,passive,occipital,N1_frp,671,-0.485061
007,passive,occipital,P2_frp,671,-0.996739
007,passive,occipital,Late_frp,671,-1.487877
007,passive,posterior,lambda,671,1.357358
007,passive,posterior,N1_frp,671,0.342006
007,passive,posterior,P2_frp,671,-0.762836
007,passive,posterior,Late_frp,671,-1.192007
007,passive,parietal,lambda,671,-0.431122
007,passive,parietal,N1_frp,671,0.617133
007,passive,parietal,P2_frp,671,-0.274801
007,passive,parietal,Late_frp,671,-0.110963
007,passive,frontal,lambda,671,-3.532747
007,passive,frontal,N1_frp,671,-1.236858
007,passive,frontal,P2_frp,671,-0.20888
007,passive,frontal,Late_frp,671,1.47307
007,constant,occipital,lambda,894,2.077995
007,constant,occipital,N1_frp,894,0.141965
007,constant,occipital,P2_frp,894,-0.548154
007,constant,occipital,Late_frp,894,-1.029562
007,constant,posterior,lambda,894,0.934604
007,constant,posterior,N1_frp,894,0.40053
007,constant,posterior,P2_frp,894,-0.600433
007,constant,posterior,Late_frp,894,-0.961609
007,constant,parietal,lambda,894,-0.779418
007,constant,parietal,N1_frp,894,-0.063085
007,constant,parietal,P2_frp,894,-0.850295
007,constant,parietal,Late_frp,894,-0.746739
007,constant,frontal,lambda,894,-4.633649
007,constant,frontal,N1_frp,894,-3.222479
007,constant,frontal,P2_frp,894,-2.187495
007,constant,frontal,Late_frp,894,-0.678323
008,active,occipital,lambda,342,7.561195
008,active,occipital,N1_frp,342,-0.132409
008,active,occipital,P2_frp,342,2.300805
008,active,occipital,Late_frp,342,3.340707
008,active,posterior,lambda,342,5.406488
008,active,posterior,N1_frp,342,1.13568
008,active,posterior,P2_frp,342,2.457762
008,active,posterior,Late_frp,342,3.901471
008,active,parietal,lambda,342,1.852773
008,active,parietal,N1_frp,342,3.61075
008,active,parietal,P2_frp,342,3.232972
008,active,parietal,Late_frp,342,6.09786
008,active,frontal,lambda,342,-1.777397
008,active,frontal,N1_frp,342,3.731672
008,active,frontal,P2_frp,342,1.791507
008,active,frontal,Late_frp,342,4.452959
008,passive,occipital,lambda,383,6.370486
008,passive,occipital,N1_frp,383,0.381615
008,passive,occipital,P2_frp,383,2.861812
008,passive,occipital,Late_frp,383,3.402622
008,passive,posterior,lambda,383,4.720138
008,passive,posterior,N1_frp,383,1.459194
008,passive,posterior,P2_frp,383,2.844839
008,passive,posterior,Late_frp,383,4.031449
008,passive,parietal,lambda,383,1.742886
008,passive,parietal,N1_frp,383,3.407901
008,passive,parietal,P2_frp,383,3.007296
008,passive,parietal,Late_frp,383,5.727544
008,passive,frontal,lambda,383,-1.772964
008,passive,frontal,N1_frp,383,3.221681
008,passive,frontal,P2_frp,383,1.193888
008,passive,frontal,Late_frp,383,4.076514
008,constant,occipital,lambda,418,6.105296
008,constant,occipital,N1_frp,418,2.38253
008,constant,occipital,P2_frp,418,3.599302
008,constant,occipital,Late_frp,418,5.183044
008,constant,posterior,lambda,418,4.64351
008,constant,posterior,N1_frp,418,2.925292
008,constant,posterior,P2_frp,418,3.388312
008,constant,posterior,Late_frp,418,5.358889
008,constant,parietal,lambda,418,2.35992
008,constant,parietal,N1_frp,418,4.238994
008,constant,parietal,P2_frp,418,3.83541
008,constant,parietal,Late_frp,418,6.69645
008,constant,frontal,lambda,418,-1.004249
008,constant,frontal,N1_frp,418,2.710562
008,constant,frontal,P2_frp,418,1.210738
008,constant,frontal,Late_frp,418,3.101071
009,active,occipital,lambda,674,3.130184
009,active,occipital,N1_frp,674,-0.353128
009,active,occipital,P2_frp,674,-1.086719
009,active,occipital,Late_frp,674,-1.525066
009,active,posterior,lambda,674,1.393316
009,active,posterior,N1_frp,674,0.415383
009,active,posterior,P2_frp,674,-0.741141
009,active,posterior,Late_frp,674,-1.026972
009,active,parietal,lambda,674,-1.028194
009,active,parietal,N1_frp,674,1.049931
009,active,parietal,P2_frp,674,-0.244097
009,active,parietal,Late_frp,674,0.140666
009,active,frontal,lambda,674,-3.430646
009,active,frontal,N1_frp,674,1.296353
009,active,frontal,P2_frp,674,0.491798
009,active,frontal,Late_frp,674,1.73704
009,passive,occipital,lambda,705,2.43482
009,passive,occipital,N1_frp,705,-0.847999
009,passive,occipital,P2_frp,705,-1.640249
009,passive,occipital,Late_frp,705,-3.364414
009,passive,posterior,lambda,705,0.940732
009,passive,posterior,N1_frp,705,-0.005571
009,passive,posterior,P2_frp,705,-1.121559
009,passive,posterior,Late_frp,705,-2.19125
009,passive,parietal,lambda,705,-1.255314
009,passive,parietal,N1_frp,705,0.338009
009,passive,parietal,P2_frp,705,-0.619893
009,passive,parietal,Late_frp,705,-0.532968
009,passive,frontal,lambda,705,-3.803713
009,passive,frontal,N1_frp,705,0.019539
009,passive,frontal,P2_frp,705,-0.497058
009,passive,frontal,Late_frp,705,0.840635
009,constant,occipital,lambda,812,2.716942
009,constant,occipital,N1_frp,812,0.528283
009,constant,occipital,P2_frp,812,-0.452895
009,constant,occipital,Late_frp,812,-2.003474
009,constant,posterior,lambda,812,1.349506
009,constant,posterior,N1_frp,812,0.967046
009,constant,posterior,P2_frp,812,-0.21093
009,constant,posterior,Late_frp,812,-1.041212
009,constant,parietal,lambda,812,-0.771062
009,constant,parietal,N1_frp,812,1.070206
009,constant,parietal,P2_frp,812,-0.142737
009,constant,parietal,Late_frp,812,0.176683
009,constant,frontal,lambda,812,-3.12804
009,constant,frontal,N1_frp,812,0.036126
009,constant,frontal,P2_frp,812,-0.560316
009,constant,frontal,Late_frp,812,0.822392
010,active,occipital,lambda,1016,0.436477
010,active,occipital,N1_frp,1016,0.396328
010,active,occipital,P2_frp,1016,0.412215
010,active,occipital,Late_frp,1016,-0.38976
010,active,posterior,lambda,1016,-0.620467
010,active,posterior,N1_frp,1016,1.010698
010,active,posterior,P2_frp,1016,0.469306
010,active,posterior,Late_frp,1016,-0.271085
010,active,parietal,lambda,1016,-2.456843
010,active,parietal,N1_frp,1016,1.27244
010,active,parietal,P2_frp,1016,0.587767
010,active,parietal,Late_frp,1016,0.313733
010,active,frontal,lambda,1016,-2.692366
010,active,frontal,N1_frp,1016,0.632376
010,active,frontal,P2_frp,1016,0.365315
010,active,frontal,Late_frp,1016,1.481701
010,passive,occipital,lambda,1152,0.025058
010,passive,occipital,N1_frp,1152,0.101611
010,passive,occipital,P2_frp,1152,0.189079
010,passive,occipital,Late_frp,1152,-0.488897
010,passive,posterior,lambda,1152,-0.897892
010,passive,posterior,N1_frp,1152,0.782229
010,passive,posterior,P2_frp,1152,0.257122
010,passive,posterior,Late_frp,1152,-0.303554
010,passive,parietal,lambda,1152,-2.49884
010,passive,parietal,N1_frp,1152,1.179578
010,passive,parietal,P2_frp,1152,0.219668
010,passive,parietal,Late_frp,1152,0.063274
010,passive,frontal,lambda,1152,-2.645271
010,passive,frontal,N1_frp,1152,0.245154
010,passive,frontal,P2_frp,1152,-0.282444
010,passive,frontal,Late_frp,1152,0.783828
010,constant,occipital,lambda,1168,-0.467406
010,constant,occipital,N1_frp,1168,0.279788
010,constant,occipital,P2_frp,1168,0.31199
010,constant,occipital,Late_frp,1168,-0.490968
010,constant,posterior,lambda,1168,-1.288117
010,constant,posterior,N1_frp,1168,0.659401
010,constant,posterior,P2_frp,1168,0.231415
010,constant,posterior,Late_frp,1168,-0.534499
010,constant,parietal,lambda,1168,-2.495801
010,constant,parietal,N1_frp,1168,0.841997
010,constant,parietal,P2_frp,1168,0.081003
010,constant,parietal,Late_frp,1168,-0.494604
010,constant,frontal,lambda,1168,-1.982514
010,constant,frontal,N1_frp,1168,0.033724
010,constant,frontal,P2_frp,1168,-0.577936
010,constant,frontal,Late_frp,1168,-0.14197
011,active,occipital,lambda,586,5.054081
011,active,occipital,N1_frp,586,-0.149197
011,active,occipital,P2_frp,586,-0.35414
011,active,occipital,Late_frp,586,-1.20857
011,active,posterior,lambda,586,1.884373
011,active,posterior,N1_frp,586,0.784367
011,active,posterior,P2_frp,586,-0.365462
011,active,posterior,Late_frp,586,-1.424112
011,active,parietal,lambda,586,-2.446034
011,active,parietal,N1_frp,586,1.330892
011,active,parietal,P2_frp,586,-0.183781
011,active,parietal,Late_frp,586,-0.537123
011,active,frontal,lambda,586,-3.360821
011,active,frontal,N1_frp,586,0.83989
011,active,frontal,P2_frp,586,0.242731
011,active,frontal,Late_frp,586,0.742524
011,passive,occipital,lambda,618,4.635504
011,passive,occipital,N1_frp,618,-0.18841
011,passive,occipital,P2_frp,618,-0.308286
011,passive,occipital,Late_frp,618,-1.584333
011,passive,posterior,lambda,618,1.790134
011,passive,posterior,N1_frp,618,0.782
011,passive,posterior,P2_frp,618,-0.29765
011,passive,posterior,Late_frp,618,-1.709174
011,passive,parietal,lambda,618,-1.959297
011,passive,parietal,N1_frp,618,1.218939
011,passive,parietal,P2_frp,618,-0.353946
011,passive,parietal,Late_frp,618,-0.916453
011,passive,frontal,lambda,618,-2.666783
011,passive,frontal,N1_frp,618,0.744523
011,passive,frontal,P2_frp,618,-0.113645
011,passive,frontal,Late_frp,618,0.335597
011,constant,occipital,lambda,915,4.270442
011,constant,occipital,N1_frp,915,1.328076
011,constant,occipital,P2_frp,915,0.858177
011,constant,occipital,Late_frp,915,0.059073
011,constant,posterior,lambda,915,1.73324
011,constant,posterior,N1_frp,915,2.246431
011,constant,posterior,P2_frp,915,0.974057
011,constant,posterior,Late_frp,915,-0.139214
011,constant,parietal,lambda,915,-1.387456
011,constant,parietal,N1_frp,915,1.972902
011,constant,parietal,P2_frp,915,0.388617
011,constant,parietal,Late_frp,915,-0.414454
011,constant,frontal,lambda,915,-2.251009
011,constant,frontal,N1_frp,915,0.351462
011,constant,frontal,P2_frp,915,-0.350925
011,constant,frontal,Late_frp,915,-0.426905
012,active,occipital,lambda,1017,4.703882
012,active,occipital,N1_frp,1017,-1.737282
012,active,occipital,P2_frp,1017,-0.628499
012,active,occipital,Late_frp,1017,-1.337559
012,active,posterior,lambda,1017,3.678777
012,active,posterior,N1_frp,1017,-0.827917
012,active,posterior,P2_frp,1017,-0.791195
012,active,posterior,Late_frp,1017,-1.28771
012,active,parietal,lambda,1017,0.485118
012,active,parietal,N1_frp,1017,0.698588
012,active,parietal,P2_frp,1017,-0.751384
012,active,parietal,Late_frp,1017,-0.258262
012,active,frontal,lambda,1017,-2.573408
012,active,frontal,N1_frp,1017,1.652496
012,active,frontal,P2_frp,1017,0.133319
012,active,frontal,Late_frp,1017,1.855598
012,passive,occipital,lambda,780,3.991506
012,passive,occipital,N1_frp,780,-1.98177
012,passive,occipital,P2_frp,780,-0.477158
012,passive,occipital,Late_frp,780,-1.270242
012,passive,posterior,lambda,780,2.854404
012,passive,posterior,N1_frp,780,-1.210645
012,passive,posterior,P2_frp,780,-0.723552
012,passive,posterior,Late_frp,780,-1.323398
012,passive,parietal,lambda,780,0.111567
012,passive,parietal,N1_frp,780,0.26468
012,passive,parietal,P2_frp,780,-0.77713
012,passive,parietal,Late_frp,780,-0.416602
012,passive,frontal,lambda,780,-2.586925
012,passive,frontal,N1_frp,780,1.397265
012,passive,frontal,P2_frp,780,0.05452
012,passive,frontal,Late_frp,780,1.66799
012,constant,occipital,lambda,1071,3.421827
012,constant,occipital,N1_frp,1071,-0.931395
012,constant,occipital,P2_frp,1071,0.071236
012,constant,occipital,Late_frp,1071,-0.836435
012,constant,posterior,lambda,1071,2.709363
012,constant,posterior,N1_frp,1071,-0.113925
012,constant,posterior,P2_frp,1071,-0.079177
012,constant,posterior,Late_frp,1071,-0.852074
012,constant,parietal,lambda,1071,0.13381
012,constant,parietal,N1_frp,1071,0.378231
012,constant,parietal,P2_frp,1071,-0.879519
012,constant,parietal,Late_frp,1071,-1.045023
012,constant,frontal,lambda,1071,-2.032757
012,constant,frontal,N1_frp,1071,0.580103
012,constant,frontal,P2_frp,1071,-1.336422
012,constant,frontal,Late_frp,1071,-0.614209
013,active,occipital,lambda,574,4.729654
013,active,occipital,N1_frp,574,-2.547502
013,active,occipital,P2_frp,574,-1.460038
013,active,occipital,Late_frp,574,-2.679594
013,active,posterior,lambda,574,2.133296
013,active,posterior,N1_frp,574,-0.602347
013,active,posterior,P2_frp,574,-1.498268
013,active,posterior,Late_frp,574,-1.802426
013,active,parietal,lambda,574,-1.226852
013,active,parietal,N1_frp,574,0.872637
013,active,parietal,P2_frp,574,-1.044707
013,active,parietal,Late_frp,574,0.181058
013,active,frontal,lambda,574,-4.63388
013,active,frontal,N1_frp,574,1.341451
013,active,frontal,P2_frp,574,-0.523049
013,active,frontal,Late_frp,574,1.895955
013,passive,occipital,lambda,638,4.338127
013,passive,occipital,N1_frp,638,-2.165901
013,passive,occipital,P2_frp,638,-1.137846
013,passive,occipital,Late_frp,638,-2.506195
013,passive,posterior,lambda,638,1.782953
013,passive,posterior,N1_frp,638,-0.639214
013,passive,posterior,P2_frp,638,-1.263901
013,passive,posterior,Late_frp,638,-1.765505
013,passive,parietal,lambda,638,-1.410921
013,passive,parietal,N1_frp,638,0.233931
013,passive,parietal,P2_frp,638,-1.269031
013,passive,parietal,Late_frp,638,-0.195532
013,passive,frontal,lambda,638,-4.297726
013,passive,frontal,N1_frp,638,0.599393
013,passive,frontal,P2_frp,638,-1.02676
013,passive,frontal,Late_frp,638,1.325272
013,constant,occipital,lambda,830,3.578218
013,constant,occipital,N1_frp,830,-0.451685
013,constant,occipital,P2_frp,830,0.072971
013,constant,occipital,Late_frp,830,-0.712167
013,constant,posterior,lambda,830,1.628499
013,constant,posterior,N1_frp,830,0.431662
013,constant,posterior,P2_frp,830,-0.326218
013,constant,posterior,Late_frp,830,-0.50454
013,constant,parietal,lambda,830,-0.629839
013,constant,parietal,N1_frp,830,0.624137
013,constant,parietal,P2_frp,830,-0.695409
013,constant,parietal,Late_frp,830,-0.261734
013,constant,frontal,lambda,830,-2.577499
013,constant,frontal,N1_frp,830,0.15204
013,constant,frontal,P2_frp,830,-0.876765
013,constant,frontal,Late_frp,830,-0.132002
014,active,occipital,lambda,636,1.840606
014,active,occipital,N1_frp,636,-1.267226
014,active,occipital,P2_frp,636,-1.046983
014,active,occipital,Late_frp,636,-1.503049
014,active,posterior,lambda,636,1.191385
014,active,posterior,N1_frp,636,-0.332877
014,active,posterior,P2_frp,636,-1.329364
014,active,posterior,Late_frp,636,-1.749655
014,active,parietal,lambda,636,0.267443
014,active,parietal,N1_frp,636,0.545317
014,active,parietal,P2_frp,636,-1.030156
014,active,parietal,Late_frp,636,-0.664765
014,active,frontal,lambda,636,0.220489
014,active,frontal,N1_frp,636,1.17999
014,active,frontal,P2_frp,636,0.299992
014,active,frontal,Late_frp,636,1.860786
014,passive,occipital,lambda,592,1.894298
014,passive,occipital,N1_frp,592,-1.675868
014,passive,occipital,P2_frp,592,-0.945025
014,passive,occipital,Late_frp,592,-1.753597
014,passive,posterior,lambda,592,1.452393
014,passive,posterior,N1_frp,592,-0.182632
014,passive,posterior,P2_frp,592,-0.857486
014,passive,posterior,Late_frp,592,-1.841191
014,passive,parietal,lambda,592,0.794544
014,passive,parietal,N1_frp,592,1.247458
014,passive,parietal,P2_frp,592,-0.234424
014,passive,parietal,Late_frp,592,-0.559806
014,passive,frontal,lambda,592,0.117833
014,passive,frontal,N1_frp,592,1.296743
014,passive,frontal,P2_frp,592,0.293793
014,passive,frontal,Late_frp,592,1.050235
014,constant,occipital,lambda,592,1.744808
014,constant,occipital,N1_frp,592,-0.38991
014,constant,occipital,P2_frp,592,0.583761
014,constant,occipital,Late_frp,592,-0.310915
014,constant,posterior,lambda,592,1.66765
014,constant,posterior,N1_frp,592,0.859549
014,constant,posterior,P2_frp,592,0.810299
014,constant,posterior,Late_frp,592,-0.432516
014,constant,parietal,lambda,592,1.008424
014,constant,parietal,N1_frp,592,1.555657
014,constant,parietal,P2_frp,592,0.617799
014,constant,parietal,Late_frp,592,-0.692742
014,constant,frontal,lambda,592,0.158077
014,constant,frontal,N1_frp,592,0.439777
014,constant,frontal,P2_frp,592,-0.38482
014,constant,frontal,Late_frp,592,-0.266711
017,active,occipital,lambda,681,2.70842
017,active,occipital,N1_frp,681,1.062416
017,active,occipital,P2_frp,681,-2.409365
017,active,occipital,Late_frp,681,-3.831132
017,active,posterior,lambda,681,0.463658
017,active,posterior,N1_frp,681,1.982029
017,active,posterior,P2_frp,681,-2.156105
017,active,posterior,Late_frp,681,-3.480494
017,active,parietal,lambda,681,-2.168086
017,active,parietal,N1_frp,681,1.575478
017,active,parietal,P2_frp,681,-1.167843
017,active,parietal,Late_frp,681,-1.09431
017,active,frontal,lambda,681,-2.794605
017,active,frontal,N1_frp,681,0.623874
017,active,frontal,P2_frp,681,0.487057
017,active,frontal,Late_frp,681,2.288594
017,passive,occipital,lambda,749,2.421533
017,passive,occipital,N1_frp,749,0.968988
017,passive,occipital,P2_frp,749,-2.172698
017,passive,occipital,Late_frp,749,-3.844453
017,passive,posterior,lambda,749,0.326069
017,passive,posterior,N1_frp,749,1.949595
017,passive,posterior,P2_frp,749,-1.848953
017,passive,posterior,Late_frp,749,-3.43238
017,passive,parietal,lambda,749,-1.865913
017,passive,parietal,N1_frp,749,1.947147
017,passive,parietal,P2_frp,749,-1.071959
017,passive,parietal,Late_frp,749,-1.190198
017,passive,frontal,lambda,749,-2.134315
017,passive,frontal,N1_frp,749,1.20716
017,passive,frontal,P2_frp,749,0.032646
017,passive,frontal,Late_frp,749,1.807971
017,constant,occipital,lambda,720,2.741241
017,constant,occipital,N1_frp,720,3.006047
017,constant,occipital,P2_frp,720,0.442762
017,constant,occipital,Late_frp,720,-1.175434
017,constant,posterior,lambda,720,0.863777
017,constant,posterior,N1_frp,720,3.418717
017,constant,posterior,P2_frp,720,0.473611
017,constant,posterior,Late_frp,720,-1.287875
017,constant,parietal,lambda,720,-1.578097
017,constant,parietal,N1_frp,720,2.250387
017,constant,parietal,P2_frp,720,-0.012755
017,constant,parietal,Late_frp,720,-0.610034
017,constant,frontal,lambda,720,-2.2598
017,constant,frontal,N1_frp,720,0.367979
017,constant,frontal,P2_frp,720,-0.363986
017,constant,frontal,Late_frp,720,0.799999
018,active,occipital,lambda,2558,1.366296
018,active,occipital,N1_frp,2558,-0.115924
018,active,occipital,P2_frp,2558,0.047345
018,active,occipital,Late_frp,2558,-0.50316
018,active,posterior,lambda,2558,0.801021
018,active,posterior,N1_frp,2558,0.235321
018,active,posterior,P2_frp,2558,-0.082865
018,active,posterior,Late_frp,2558,-0.543966
018,active,parietal,lambda,2558,-0.467521
018,active,parietal,N1_frp,2558,0.576848
018,active,parietal,P2_frp,2558,-0.390417
018,active,parietal,Late_frp,2558,-0.506452
018,active,frontal,lambda,2558,-1.58131
018,active,frontal,N1_frp,2558,0.748829
018,active,frontal,P2_frp,2558,-0.501867
018,active,frontal,Late_frp,2558,0.355904
018,passive,occipital,lambda,2520,0.993275
018,passive,occipital,N1_frp,2520,-0.203253
018,passive,occipital,P2_frp,2520,-0.108127
018,passive,occipital,Late_frp,2520,-0.937378
018,passive,posterior,lambda,2520,0.436181
018,passive,posterior,N1_frp,2520,0.130527
018,passive,posterior,P2_frp,2520,-0.295258
018,passive,posterior,Late_frp,2520,-1.041343
018,passive,parietal,lambda,2520,-0.789954
018,passive,parietal,N1_frp,2520,0.457926
018,passive,parietal,P2_frp,2520,-0.584463
018,passive,parietal,Late_frp,2520,-0.87285
018,passive,frontal,lambda,2520,-1.833774
018,passive,frontal,N1_frp,2520,0.324802
018,passive,frontal,P2_frp,2520,-0.91851
018,passive,frontal,Late_frp,2520,-0.167969
018,constant,occipital,lambda,2484,1.030832
018,constant,occipital,N1_frp,2484,0.156209
018,constant,occipital,P2_frp,2484,0.372464
018,constant,occipital,Late_frp,2484,-0.459684
018,constant,posterior,lambda,2484,0.638525
018,constant,posterior,N1_frp,2484,0.476949
018,constant,posterior,P2_frp,2484,0.230394
018,constant,posterior,Late_frp,2484,-0.440945
018,constant,parietal,lambda,2484,-0.520288
018,constant,parietal,N1_frp,2484,0.638956
018,constant,parietal,P2_frp,2484,-0.427315
018,constant,parietal,Late_frp,2484,-0.633421
018,constant,frontal,lambda,2484,-1.383705
018,constant,frontal,N1_frp,2484,0.283337
018,constant,frontal,P2_frp,2484,-0.960049
018,constant,frontal,Late_frp,2484,-0.120487
019,active,occipital,lambda,584,4.614068
019,active,occipital,N1_frp,584,-1.208762
019,active,occipital,P2_frp,584,-1.041076
019,active,occipital,Late_frp,584,-1.51616
019,active,posterior,lambda,584,1.334053
019,active,posterior,N1_frp,584,0.180452
019,active,posterior,P2_frp,584,-0.961181
019,active,posterior,Late_frp,584,-1.149803
019,active,parietal,lambda,584,-1.742299
019,active,parietal,N1_frp,584,0.882662
019,active,parietal,P2_frp,584,-0.890454
019,active,parietal,Late_frp,584,-0.318282
019,active,frontal,lambda,584,-3.814287
019,active,frontal,N1_frp,584,-0.371776
019,active,frontal,P2_frp,584,-0.433382
019,active,frontal,Late_frp,584,0.923149
019,passive,occipital,lambda,393,4.624797
019,passive,occipital,N1_frp,393,-0.863436
019,passive,occipital,P2_frp,393,-0.208072
019,passive,occipital,Late_frp,393,-1.074846
019,passive,posterior,lambda,393,1.309582
019,passive,posterior,N1_frp,393,0.319586
019,passive,posterior,P2_frp,393,-0.42716
019,passive,posterior,Late_frp,393,-0.99429
019,passive,parietal,lambda,393,-1.458341
019,passive,parietal,N1_frp,393,0.902719
019,passive,parietal,P2_frp,393,-0.660602
019,passive,parietal,Late_frp,393,-0.450674
019,passive,frontal,lambda,393,-2.499026
019,passive,frontal,N1_frp,393,0.093252
019,passive,frontal,P2_frp,393,0.186011
019,passive,frontal,Late_frp,393,1.210682
019,constant,occipital,lambda,566,2.758094
019,constant,occipital,N1_frp,566,0.177444
019,constant,occipital,P2_frp,566,0.479363
019,constant,occipital,Late_frp,566,-0.926123
019,constant,posterior,lambda,566,0.512138
019,constant,posterior,N1_frp,566,0.698078
019,constant,posterior,P2_frp,566,0.430714
019,constant,posterior,Late_frp,566,-0.751657
019,constant,parietal,lambda,566,-1.32876
019,constant,parietal,N1_frp,566,0.845095
019,constant,parietal,P2_frp,566,0.14008
019,constant,parietal,Late_frp,566,-0.639696
019,constant,frontal,lambda,566,-1.917593
019,constant,frontal,N1_frp,566,0.008358
019,constant,frontal,P2_frp,566,0.220137
019,constant,frontal,Late_frp,566,0.386582
020,active,occipital,lambda,1174,4.445619
020,active,occipital,N1_frp,1174,-0.564608
020,active,occipital,P2_frp,1174,-1.529147
020,active,occipital,Late_frp,1174,-1.832084
020,active,posterior,lambda,1174,2.107911
020,active,posterior,N1_frp,1174,0.409097
020,active,posterior,P2_frp,1174,-1.005557
020,active,posterior,Late_frp,1174,-1.086244
020,active,parietal,lambda,1174,-0.992868
020,active,parietal,N1_frp,1174,0.885254
020,active,parietal,P2_frp,1174,0.022967
020,active,parietal,Late_frp,1174,0.621222
020,active,frontal,lambda,1174,-2.672261
020,active,frontal,N1_frp,1174,0.699023
020,active,frontal,P2_frp,1174,1.047281
020,active,frontal,Late_frp,1174,2.528607
020,passive,occipital,lambda,1160,3.992389
020,passive,occipital,N1_frp,1160,-0.812366
020,passive,occipital,P2_frp,1160,-0.899712
020,passive,occipital,Late_frp,1160,-1.109129
020,passive,posterior,lambda,1160,1.52857
020,passive,posterior,N1_frp,1160,-0.086475
020,passive,posterior,P2_frp,1160,-0.823384
020,passive,posterior,Late_frp,1160,-0.778201
020,passive,parietal,lambda,1160,-1.45409
020,passive,parietal,N1_frp,1160,0.268614
020,passive,parietal,P2_frp,1160,-0.254245
020,passive,parietal,Late_frp,1160,0.585144
020,passive,frontal,lambda,1160,-2.726295
020,passive,frontal,N1_frp,1160,0.340277
020,passive,frontal,P2_frp,1160,0.914451
020,passive,frontal,Late_frp,1160,2.556478
020,constant,occipital,lambda,1539,3.661566
020,constant,occipital,N1_frp,1539,0.270803
020,constant,occipital,P2_frp,1539,0.088847
020,constant,occipital,Late_frp,1539,-0.31897
020,constant,posterior,lambda,1539,1.586762
020,constant,posterior,N1_frp,1539,0.572886
020,constant,posterior,P2_frp,1539,0.022614
020,constant,posterior,Late_frp,1539,-0.301101
020,constant,parietal,lambda,1539,-0.912448
020,constant,parietal,N1_frp,1539,0.417859
020,constant,parietal,P2_frp,1539,0.070151
020,constant,parietal,Late_frp,1539,0.141574
020,constant,frontal,lambda,1539,-1.803759
020,constant,frontal,N1_frp,1539,-0.015403
020,constant,frontal,P2_frp,1539,0.443527
020,constant,frontal,Late_frp,1539,0.909235
021,active,occipital,lambda,1260,2.0337
021,active,occipital,N1_frp,1260,-0.795005
021,active,occipital,P2_frp,1260,-0.387545
021,active,occipital,Late_frp,1260,-0.638553
021,active,posterior,lambda,1260,1.517412
021,active,posterior,N1_frp,1260,-0.423731
021,active,posterior,P2_frp,1260,-0.577262
021,active,posterior,Late_frp,1260,-0.724646
021,active,parietal,lambda,1260,-1.151586
021,active,parietal,N1_frp,1260,0.677452
021,active,parietal,P2_frp,1260,-0.506937
021,active,parietal,Late_frp,1260,-0.209063
021,active,frontal,lambda,1260,-4.432243
021,active,frontal,N1_frp,1260,2.148676
021,active,frontal,P2_frp,1260,0.373444
021,active,frontal,Late_frp,1260,1.481706
021,passive,occipital,lambda,943,1.84272
021,passive,occipital,N1_frp,943,-0.570126
021,passive,occipital,P2_frp,943,-0.24596
021,passive,occipital,Late_frp,943,-1.037836
021,passive,posterior,lambda,943,1.320025
021,passive,posterior,N1_frp,943,-0.561156
021,passive,posterior,P2_frp,943,-0.645541
021,passive,posterior,Late_frp,943,-1.326944
021,passive,parietal,lambda,943,-1.084239
021,passive,parietal,N1_frp,943,-0.353432
021,passive,parietal,P2_frp,943,-1.340536
021,passive,parietal,Late_frp,943,-1.34211
021,passive,frontal,lambda,943,-4.020746
021,passive,frontal,N1_frp,943,0.271245
021,passive,frontal,P2_frp,943,-1.349812
021,passive,frontal,Late_frp,943,0.05685
021,constant,occipital,lambda,940,1.685001
021,constant,occipital,N1_frp,940,-0.290084
021,constant,occipital,P2_frp,940,-0.006492
021,constant,occipital,Late_frp,940,-0.416679
021,constant,posterior,lambda,940,1.269138
021,constant,posterior,N1_frp,940,-0.197382
021,constant,posterior,P2_frp,940,-0.277835
021,constant,posterior,Late_frp,940,-0.620903
021,constant,parietal,lambda,940,-1.180289
021,constant,parietal,N1_frp,940,-0.20414
021,constant,parietal,P2_frp,940,-0.946911
021,constant,parietal,Late_frp,940,-0.898934
021,constant,frontal,lambda,940,-3.799012
021,constant,frontal,N1_frp,940,0.096845
021,constant,frontal,P2_frp,940,-0.787538
021,constant,frontal,Late_frp,940,0.00319
022,active,occipital,lambda,1265,-0.083719
022,active,occipital,N1_frp,1265,0.513296
022,active,occipital,P2_frp,1265,-0.839643
022,active,occipital,Late_frp,1265,-1.377866
022,active,posterior,lambda,1265,-0.321328
022,active,posterior,N1_frp,1265,0.47389
022,active,posterior,P2_frp,1265,-0.633058
022,active,posterior,Late_frp,1265,-1.144777
022,active,parietal,lambda,1265,-0.637526
022,active,parietal,N1_frp,1265,-0.206748
022,active,parietal,P2_frp,1265,-0.392676
022,active,parietal,Late_frp,1265,-0.20439
022,active,frontal,lambda,1265,-0.204312
022,active,frontal,N1_frp,1265,-0.812007
022,active,frontal,P2_frp,1265,-0.046538
022,active,frontal,Late_frp,1265,1.133924
022,passive,occipital,lambda,1199,0.018406
022,passive,occipital,N1_frp,1199,0.461468
022,passive,occipital,P2_frp,1199,-0.528389
022,passive,occipital,Late_frp,1199,-1.18683
022,passive,posterior,lambda,1199,0.045527
022,passive,posterior,N1_frp,1199,0.596733
022,passive,posterior,P2_frp,1199,-0.285762
022,passive,posterior,Late_frp,1199,-0.89256
022,passive,parietal,lambda,1199,-0.161144
022,passive,parietal,N1_frp,1199,-0.030591
022,passive,parietal,P2_frp,1199,-0.079143
022,passive,parietal,Late_frp,1199,-0.018444
022,passive,frontal,lambda,1199,-0.044302
022,passive,frontal,N1_frp,1199,-0.658674
022,passive,frontal,P2_frp,1199,0.014853
022,passive,frontal,Late_frp,1199,1.01716
022,constant,occipital,lambda,1037,0.200187
022,constant,occipital,N1_frp,1037,1.192599
022,constant,occipital,P2_frp,1037,0.41837
022,constant,occipital,Late_frp,1037,-0.197421
022,constant,posterior,lambda,1037,0.178378
022,constant,posterior,N1_frp,1037,1.365087
022,constant,posterior,P2_frp,1037,0.579362
022,constant,posterior,Late_frp,1037,0.1762
022,constant,parietal,lambda,1037,-0.077748
022,constant,parietal,N1_frp,1037,0.360312
022,constant,parietal,P2_frp,1037,0.263689
022,constant,parietal,Late_frp,1037,0.388837
022,constant,frontal,lambda,1037,0.137756
022,constant,frontal,N1_frp,1037,-1.007475
022,constant,frontal,P2_frp,1037,0.251276
022,constant,frontal,Late_frp,1037,1.104181
024,active,occipital,lambda,1124,4.112787
024,active,occipital,N1_frp,1124,-0.045095
024,active,occipital,P2_frp,1124,-0.500519
024,active,occipital,Late_frp,1124,-0.84856
024,active,posterior,lambda,1124,0.678893
024,active,posterior,N1_frp,1124,1.645598
024,active,posterior,P2_frp,1124,-0.303376
024,active,posterior,Late_frp,1124,-0.614007
024,active,parietal,lambda,1124,-2.583671
024,active,parietal,N1_frp,1124,2.518137
024,active,parietal,P2_frp,1124,0.503504
024,active,parietal,Late_frp,1124,1.07306
024,active,frontal,lambda,1124,-3.72388
024,active,frontal,N1_frp,1124,0.747837
024,active,frontal,P2_frp,1124,0.495115
024,active,frontal,Late_frp,1124,2.131671
024,passive,occipital,lambda,1217,4.278935
024,passive,occipital,N1_frp,1217,-0.774871
024,passive,occipital,P2_frp,1217,-0.499393
024,passive,occipital,Late_frp,1217,-0.913889
024,passive,posterior,lambda,1217,0.818988
024,passive,posterior,N1_frp,1217,0.952388
024,passive,posterior,P2_frp,1217,-0.423512
024,passive,posterior,Late_frp,1217,-0.724072
024,passive,parietal,lambda,1217,-2.485427
024,passive,parietal,N1_frp,1217,1.799401
024,passive,parietal,P2_frp,1217,0.114801
024,passive,parietal,Late_frp,1217,0.651266
024,passive,frontal,lambda,1217,-3.562993
024,passive,frontal,N1_frp,1217,0.564597
024,passive,frontal,P2_frp,1217,0.569095
024,passive,frontal,Late_frp,1217,2.033899
024,constant,occipital,lambda,1556,3.81311
024,constant,occipital,N1_frp,1556,-0.189765
024,constant,occipital,P2_frp,1556,0.012279
024,constant,occipital,Late_frp,1556,-0.324092
024,constant,posterior,lambda,1556,0.549778
024,constant,posterior,N1_frp,1556,0.922307
024,constant,posterior,P2_frp,1556,-0.309869
024,constant,posterior,Late_frp,1556,-0.45897
024,constant,parietal,lambda,1556,-2.476174
024,constant,parietal,N1_frp,1556,1.112752
024,constant,parietal,P2_frp,1556,-0.614161
024,constant,parietal,Late_frp,1556,-0.465165
024,constant,frontal,lambda,1556,-3.347282
024,constant,frontal,N1_frp,1556,-0.062127
024,constant,frontal,P2_frp,1556,-0.542286
024,constant,frontal,Late_frp,1556,-0.045051
025,active,occipital,lambda,1241,3.473556
025,active,occipital,N1_frp,1241,-0.111275
025,active,occipital,P2_frp,1241,-0.454743
025,active,occipital,Late_frp,1241,-1.110799
025,active,posterior,lambda,1241,2.984084
025,active,posterior,N1_frp,1241,0.524819
025,active,posterior,P2_frp,1241,-0.527771
025,active,posterior,Late_frp,1241,-1.258453
025,active,parietal,lambda,1241,0.785714
025,active,parietal,N1_frp,1241,1.198068
025,active,parietal,P2_frp,1241,-0.158513
025,active,parietal,Late_frp,1241,-0.578105
025,active,frontal,lambda,1241,-1.544162
025,active,frontal,N1_frp,1241,1.075664
025,active,frontal,P2_frp,1241,0.852573
025,active,frontal,Late_frp,1241,1.940808
025,passive,occipital,lambda,1539,3.345998
025,passive,occipital,N1_frp,1539,-0.312804
025,passive,occipital,P2_frp,1539,-0.465401
025,passive,occipital,Late_frp,1539,-1.095246
025,passive,posterior,lambda,1539,2.837302
025,passive,posterior,N1_frp,1539,0.305096
025,passive,posterior,P2_frp,1539,-0.518317
025,passive,posterior,Late_frp,1539,-1.202817
025,passive,parietal,lambda,1539,0.516191
025,passive,parietal,N1_frp,1539,0.761629
025,passive,parietal,P2_frp,1539,-0.181965
025,passive,parietal,Late_frp,1539,-0.761194
025,passive,frontal,lambda,1539,-2.058176
025,passive,frontal,N1_frp,1539,0.459837
025,passive,frontal,P2_frp,1539,0.719032
025,passive,frontal,Late_frp,1539,1.213182
025,constant,occipital,lambda,1660,3.174092
025,constant,occipital,N1_frp,1660,0.106311
025,constant,occipital,P2_frp,1660,0.213002
025,constant,occipital,Late_frp,1660,-0.222875
025,constant,posterior,lambda,1660,2.489008
025,constant,posterior,N1_frp,1660,0.722784
025,constant,posterior,P2_frp,1660,0.215968
025,constant,posterior,Late_frp,1660,-0.343094
025,constant,parietal,lambda,1660,-0.141058
025,constant,parietal,N1_frp,1660,1.103772
025,constant,parietal,P2_frp,1660,0.247845
025,constant,parietal,Late_frp,1660,-0.568319
025,constant,frontal,lambda,1660,-1.97228
025,constant,frontal,N1_frp,1660,0.40374
025,constant,frontal,P2_frp,1660,0.224339
025,constant,frontal,Late_frp,1660,0.117702
026,active,occipital,lambda,901,5.353262
026,active,occipital,N1_frp,901,-3.218104
026,active,occipital,P2_frp,901,0.392616
026,active,occipital,Late_frp,901,-1.322744
026,active,posterior,lambda,901,4.671847
026,active,posterior,N1_frp,901,-2.221569
026,active,posterior,P2_frp,901,0.297243
026,active,posterior,Late_frp,901,-1.199788
026,active,parietal,lambda,901,1.444302
026,active,parietal,N1_frp,901,-0.646912
026,active,parietal,P2_frp,901,-0.195822
026,active,parietal,Late_frp,901,-0.185961
026,active,frontal,lambda,901,-4.047564
026,active,frontal,N1_frp,901,0.38601
026,active,frontal,P2_frp,901,-1.554431
026,active,frontal,Late_frp,901,0.630544
026,passive,occipital,lambda,761,4.730876
026,passive,occipital,N1_frp,761,-3.160498
026,passive,occipital,P2_frp,761,0.967364
026,passive,occipital,Late_frp,761,-0.77397
026,passive,posterior,lambda,761,4.145976
026,passive,posterior,N1_frp,761,-2.122547
026,passive,posterior,P2_frp,761,0.831846
026,passive,posterior,Late_frp,761,-0.72037
026,passive,parietal,lambda,761,1.127906
026,passive,parietal,N1_frp,761,-0.148351
026,passive,parietal,P2_frp,761,0.369677
026,passive,parietal,Late_frp,761,0.547984
026,passive,frontal,lambda,761,-3.409595
026,passive,frontal,N1_frp,761,0.795991
026,passive,frontal,P2_frp,761,-1.177633
026,passive,frontal,Late_frp,761,1.354898
026,constant,occipital,lambda,671,2.498984
026,constant,occipital,N1_frp,671,-2.257495
026,constant,occipital,P2_frp,671,1.184262
026,constant,occipital,Late_frp,671,-0.512888
026,constant,posterior,lambda,671,2.498646
026,constant,posterior,N1_frp,671,-1.601872
026,constant,posterior,P2_frp,671,0.880003
026,constant,posterior,Late_frp,671,-0.591931
026,constant,parietal,lambda,671,1.178451
026,constant,parietal,N1_frp,671,-0.103781
026,constant,parietal,P2_frp,671,-0.143313
026,constant,parietal,Late_frp,671,-0.510836
026,constant,frontal,lambda,671,-1.422718
026,constant,frontal,N1_frp,671,1.27844
026,constant,frontal,P2_frp,671,-1.118852
026,constant,frontal,Late_frp,671,0.456309
